{
    "model_train_time": 10.414490222930908,
    "model_predict_time (already * 200)": 64.3930435180664
}