{"plan_cover_execution_time": 6692.003677368164, "training_data_collection_time": 51.498358964920044}