{
    "model_train_time": 8.13113260269165,
    "model_predict_time (already * 200)": 55.65667152404785
}