{"plan_cover_execution_time": 8559.10096168518, "training_data_collection_time": 1.5963342189788818}