{"plan_cover_execution_time": 4722.547784805298, "training_data_collection_time": 5.33843207359314}