query_id,improved_count,total,percentage_improved,avg_improved_hinted_latency,avg_improved_default_latency,avg_improved_confidence,std_improved_confidence,avg_hinted_latency,avg_default_latency,avg_confidence,std_confidence
7-0_sample_0,199,200,99.5,1.4135561995769865,1.7594069092717004,0.7510609319895288,0.0036573899758529566,1.4180576801300049,1.7616808414459229,0.7510742590625,0.003652474323570893
7-0_sample_1,200,200,100.0,1.8614375591278076,3.0890607833862305,0.7510742590625,0.003652474323570893,1.8614375591278076,3.0890607833862305,0.7510742590625,0.003652474323570893
7-0_sample_2,0,200,0.0,0,0,0,0,32.86617159843445,19.38466787338257,0.7510742590625,0.003652474323570893
7-0_sample_3,200,200,100.0,1.8642199039459229,3.065919876098633,0.7510742590625,0.003652474323570893,1.8642199039459229,3.065919876098633,0.7510742590625,0.003652474323570893
7-0_sample_4,200,200,100.0,1.875838041305542,3.091937303543091,0.7510742590625,0.003652474323570893,1.875838041305542,3.091937303543091,0.7510742590625,0.003652474323570893
7-0_sample_5,198,200,99.0,1.401205255527689,1.743115559972898,0.7510658175789474,0.0036699283350361176,1.4098656177520752,1.7478585243225098,0.7510742590625,0.003652474323570893
7-0_sample_6,200,200,100.0,1.9260430335998535,2.876173257827759,0.7510742590625,0.003652474323570893,1.9260430335998535,2.876173257827759,0.7510742590625,0.003652474323570893
7-0_sample_7,148,200,74.0,44.23876871933808,53.253512124757506,0.7510172946808511,0.0036032788861935098,44.782291650772095,50.120729207992554,0.7510742590625,0.003652474323570893
7-0_sample_8,200,200,100.0,1.419222354888916,1.767958402633667,0.7510742590625,0.003652474323570893,1.419222354888916,1.767958402633667,0.7510742590625,0.003652474323570893
