query_id,improved_count,total,percentage_improved,avg_improved_hinted_latency,avg_improved_default_latency,avg_improved_confidence,std_improved_confidence,avg_hinted_latency,avg_default_latency,avg_confidence,std_confidence
5-0,109,200,54.50000000000001,156.7105415764205,163.35613574456733,0.5520269823809524,0.009272254446374667,149.20161962509155,150.83407759666443,0.5528550786363636,0.008803968521274349
