{"plan_cover_execution_time": 42874.65552544594, "training_data_collection_time": 13.495439052581787}