{
    "model_train_time": 8.280842065811157,
    "model_predict_time (already * 200)": 105.02309799194336
}