{"plan_cover_execution_time": 56961.21892929077, "training_data_collection_time": 14.004124879837036}