{
    "model_train_time": 10.527921199798584,
    "model_predict_time (already * 200)": 71.31257057189941
}