{"plan_cover_execution_time": 73779.22028779984, "training_data_collection_time": 4.881606101989746}