{
    "model_train_time": 6.585701942443848,
    "model_predict_time (already * 200)": 39.850664138793945
}