{"plan_cover_execution_time": 500.28822088241577, "training_data_collection_time": 0.1420903205871582}