{"plan_cover_execution_time": 12122.796232700348, "training_data_collection_time": 2.0995805263519287}