{
    "model_train_time": 9.423256874084473,
    "model_predict_time (already * 200)": 56.104183197021484
}