{"plan_cover_execution_time": 71440.52818775177, "training_data_collection_time": 12.606026887893677}