{"plan_cover_execution_time": 4105.972191333771, "training_data_collection_time": 1.9111850261688232}