{"plan_cover_execution_time": 3528.735118627548, "training_data_collection_time": 0.5170214176177979}