{"plan_cover_execution_time": 5171.280788183212, "training_data_collection_time": 4.011467218399048}