{"plan_cover_execution_time": 10003.386902570724, "training_data_collection_time": 2.1851770877838135}