{"plan_cover_execution_time": 146694.25751566887, "training_data_collection_time": 40.73137807846069}