{"plan_cover_execution_time": 23496.296023368835, "training_data_collection_time": 3.835177421569824}