{"plan_cover_execution_time": 3094.6003324985504, "training_data_collection_time": 0.5273261070251465}