{"plan_cover_execution_time": 6065.964579343796, "training_data_collection_time": 0.7785425186157227}