{"plan_cover_execution_time": 34268.249583005905, "training_data_collection_time": 35.821242570877075}