{
    "model_train_time": 9.290398597717285,
    "model_predict_time (already * 200)": 99.8931884765625
}