{
    "model_train_time": 6.689255952835083,
    "model_predict_time (already * 200)": 34.07487869262695
}