{"plan_cover_execution_time": 16496.500468969345, "training_data_collection_time": 5.356269598007202}