{
    "model_train_time": 7.0228705406188965,
    "model_predict_time (already * 200)": 55.55558204650879
}