{
    "model_train_time": 14.770617485046387,
    "model_predict_time (already * 200)": 88.05608749389648
}