{"plan_cover_execution_time": 3100.309255838394, "training_data_collection_time": 1.1065740585327148}