{
    "model_train_time": 10.056965827941895,
    "model_predict_time (already * 200)": 59.20066833496094
}