{"plan_cover_execution_time": 1898.354897737503, "training_data_collection_time": 2.2767271995544434}