{"plan_cover_execution_time": 10661.581786632538, "training_data_collection_time": 1.8628673553466797}