{"plan_cover_execution_time": 14611.886538982391, "training_data_collection_time": 3.830981969833374}