{"plan_cover_execution_time": 5319.096801280975, "training_data_collection_time": 12.929044246673584}