{"plan_cover_execution_time": 21909.14511322975, "training_data_collection_time": 17.56399130821228}