{"plan_cover_execution_time": 6373.341294050217, "training_data_collection_time": 1.5078206062316895}