{"plan_cover_execution_time": 302.8840367794037, "training_data_collection_time": 0.19269061088562012}