{"plan_cover_execution_time": 3625.1099548339844, "training_data_collection_time": 0.6479198932647705}