{"plan_cover_execution_time": 959.9168829917908, "training_data_collection_time": 2.0098888874053955}