{"plan_cover_execution_time": 5746.348988771439, "training_data_collection_time": 2.2182185649871826}