{"plan_cover_execution_time": 9881.346248149872, "training_data_collection_time": 5.862851142883301}