{
    "model_train_time": 10.848715543746948,
    "model_predict_time (already * 200)": 74.49769973754883
}