{"plan_cover_execution_time": 7842.567318439484, "training_data_collection_time": 2.8939826488494873}