{
    "model_train_time": 11.492557287216187,
    "model_predict_time (already * 200)": 88.67897987365723
}