{
    "model_train_time": 9.76516842842102,
    "model_predict_time (already * 200)": 69.30389404296875
}