{
    "model_train_time": 7.31793212890625,
    "model_predict_time (already * 200)": 49.59731101989746
}