{"plan_cover_execution_time": 9008.345401763916, "training_data_collection_time": 3.7085444927215576}