{
    "model_train_time": 6.661823749542236,
    "model_predict_time (already * 200)": 47.79510498046875
}