{"plan_cover_execution_time": 4201.0431480407715, "training_data_collection_time": 1.9876818656921387}