query_id,improved_count,total,percentage_improved,avg_improved_hinted_latency,avg_improved_default_latency,avg_improved_confidence,std_improved_confidence,avg_hinted_latency,avg_default_latency,avg_confidence,std_confidence
7-0_sample_0,200,200,100.0,1.3933336734771729,1.7338931560516357,0.5336058111458333,0.00962965715166377,1.3933336734771729,1.7338931560516357,0.5336058111458333,0.00962965715166377
7-0_sample_1,0,200,0.0,0,0,0,0,55.56291580200195,7.1100544929504395,0.5336058111458333,0.00962965715166377
7-0_sample_2,7,200,3.5000000000000004,34.045287540980745,35.275425229753765,0.5320044757142857,0.011911793199399568,32.3173189163208,20.16056776046753,0.5336058111458333,0.00962965715166377
7-0_sample_3,0,200,0.0,0,0,0,0,36.86796426773071,3.6917483806610107,0.5336058111458333,0.00962965715166377
7-0_sample_4,0,200,0.0,0,0,0,0,30.077489614486694,3.4792470932006836,0.5336058111458333,0.00962965715166377
7-0_sample_5,197,200,98.5,1.4108001883259884,1.7544484985661386,0.5334468013227514,0.009600794545890669,1.4258968830108643,1.763087511062622,0.5336058111458333,0.00962965715166377
7-0_sample_6,0,200,0.0,0,0,0,0,8.426001071929932,2.937697172164917,0.5336058111458333,0.00962965715166377
7-0_sample_7,136,200,68.0,44.64175771264469,53.63742218298071,0.5341261852307693,0.009183185867382477,45.84245562553406,50.43457269668579,0.5336058111458333,0.00962965715166377
7-0_sample_8,200,200,100.0,1.4140498638153076,1.7624998092651367,0.5336058111458333,0.00962965715166377,1.4140498638153076,1.7624998092651367,0.5336058111458333,0.00962965715166377
