{"plan_cover_execution_time": 1987.8314471244812, "training_data_collection_time": 0.2609999179840088}