{"plan_cover_execution_time": 3860.689387321472, "training_data_collection_time": 2.1242218017578125}