{"plan_cover_execution_time": 87423.66785979271, "training_data_collection_time": 13.231226682662964}