{
    "model_train_time": 10.527872800827026,
    "model_predict_time (already * 200)": 63.13028335571289
}