{
    "model_train_time": 14.97508692741394,
    "model_predict_time (already * 200)": 89.12348747253418
}