{"plan_cover_execution_time": 124036.22941589355, "training_data_collection_time": 8.785902976989746}