{"plan_cover_execution_time": 6705.418666124344, "training_data_collection_time": 1.1552865505218506}