{"plan_cover_execution_time": 16228.956929683685, "training_data_collection_time": 3.857595443725586}