{"plan_cover_execution_time": 2352.480396270752, "training_data_collection_time": 0.29338598251342773}