{"plan_cover_execution_time": 18796.57936000824, "training_data_collection_time": 5.413210868835449}