{"plan_cover_execution_time": 505.2344546318054, "training_data_collection_time": 0.1504664421081543}