{"plan_cover_execution_time": 4767.061884641647, "training_data_collection_time": 4.553602695465088}