{
    "model_train_time": 11.616599559783936,
    "model_predict_time (already * 200)": 88.20524215698242
}