{"plan_cover_execution_time": 4641.209163427353, "training_data_collection_time": 1.5991790294647217}