query_id,improved_count,total,percentage_improved,avg_improved_hinted_latency,avg_improved_default_latency,avg_improved_confidence,std_improved_confidence,avg_hinted_latency,avg_default_latency,avg_confidence,std_confidence
1-0_sample_0,199,200,99.5,216.1093740607027,352.1077297440725,0.4973862318592965,0.012295621467380951,215.33596396446228,350.46282291412354,0.49732720635,0.012293063057345864
1-0_sample_1,199,200,99.5,198.98686696536578,357.94535473962526,0.4973862318592965,0.012295621467380951,198.2722282409668,356.3120138645172,0.49732720635,0.012293063057345864
1-0_sample_2,199,200,99.5,184.93076784526883,328.40804239014284,0.4973862318592965,0.012295621467380951,184.2624807357788,326.91938638687134,0.49732720635,0.012293063057345864
1-0_sample_3,199,200,99.5,163.39511607759562,292.58950032181474,0.4973862318592965,0.012295621467380951,162.82282710075378,291.27545833587646,0.49732720635,0.012293063057345864
1-0_sample_4,199,200,99.5,169.57074912948224,297.5617018177282,0.4973862318592965,0.012295621467380951,168.95621418952942,296.19396448135376,0.49732720635,0.012293063057345864
1-0_sample_5,199,200,99.5,159.2069798378489,273.18696041203026,0.4973862318592965,0.012295621467380951,158.64084362983704,271.95197105407715,0.49732720635,0.012293063057345864
1-0_sample_6,199,200,99.5,145.92165204148796,240.29719649846828,0.4973862318592965,0.012295621467380951,145.40059328079224,239.18651223182678,0.49732720635,0.012293063057345864
1-0_sample_7,198,200,99.0,171.0763784370037,214.8443508629847,0.4972669486868687,0.012210810401125921,171.34949803352356,214.5260751247406,0.49732720635,0.012293063057345864
1-0_sample_8,199,200,99.5,129.08744212970063,222.79869731347165,0.4973862318592965,0.012295621467380951,128.6778211593628,221.7530345916748,0.49732720635,0.012293063057345864
