{
    "model_train_time": 6.644839286804199,
    "model_predict_time (already * 200)": 38.93566131591797
}