{"plan_cover_execution_time": 9165.582466840744, "training_data_collection_time": 1.8726444244384766}