{
    "model_train_time": 11.135323286056519,
    "model_predict_time (already * 200)": 78.61886024475098
}