{"plan_cover_execution_time": 24954.99866938591, "training_data_collection_time": 2.2985167503356934}