{
    "model_train_time": 6.670313119888306,
    "model_predict_time (already * 200)": 37.13860511779785
}