{"plan_cover_execution_time": 350.0699782371521, "training_data_collection_time": 0.10551261901855469}