{"plan_cover_execution_time": 3126.1836955547333, "training_data_collection_time": 3.388957977294922}