{"plan_cover_execution_time": 1873.8967802524567, "training_data_collection_time": 0.5034487247467041}