{"plan_cover_execution_time": 2214.01056599617, "training_data_collection_time": 3.2661848068237305}