{"plan_cover_execution_time": 9109.792130470276, "training_data_collection_time": 3.893413543701172}