{"plan_cover_execution_time": 4300.760437011719, "training_data_collection_time": 1.2985119819641113}