{
    "model_train_time": 7.939480781555176,
    "model_predict_time (already * 200)": 109.8823070526123
}