query_id,improved_count,total,percentage_improved,avg_improved_hinted_latency,avg_improved_default_latency,avg_improved_confidence,std_improved_confidence,avg_hinted_latency,avg_default_latency,avg_hinted_cost,avg_default_cost,avg_confidence,std_confidence
2-0,115,200,57.49999999999999,395.4224731611169,397.1495130787725,0.5021501198333334,0.018058468988869498,356.17138385772705,356.2218379974365,4003.2202499999903,4003.2202499999903,0.501955903063063,0.018296450474370056
