{
    "model_train_time": 8.107738494873047,
    "model_predict_time (already * 200)": 69.02103424072266
}