{"plan_cover_execution_time": 3503.8861277103424, "training_data_collection_time": 0.6688899993896484}