{
    "model_train_time": 6.705561399459839,
    "model_predict_time (already * 200)": 44.05088424682617
}