{
    "model_train_time": 14.246824502944946,
    "model_predict_time (already * 200)": 79.43310737609863
}