{
    "model_train_time": 7.418097496032715,
    "model_predict_time (already * 200)": 80.00025749206543
}