{
    "model_train_time": 8.061718702316284,
    "model_predict_time (already * 200)": 72.44277000427246
}