{
    "model_train_time": 9.121154069900513,
    "model_predict_time (already * 200)": 64.51067924499512
}