{
    "model_train_time": 7.3983776569366455,
    "model_predict_time (already * 200)": 50.15907287597656
}