{"plan_cover_execution_time": 29268.491525173187, "training_data_collection_time": 6.6714394092559814}