{
    "model_train_time": 6.8257269859313965,
    "model_predict_time (already * 200)": 80.46965599060059
}