{"plan_cover_execution_time": 3910.316884994507, "training_data_collection_time": 0.3036329746246338}