query_id,improved_count,total,percentage_improved,avg_improved_hinted_latency,avg_improved_default_latency,avg_improved_confidence,std_improved_confidence,avg_hinted_latency,avg_default_latency,avg_confidence,std_confidence
7-0_sample_0,199,200,99.5,1.4473756953100463,1.804472813055144,0.569919411959799,0.030812403330074702,1.4517641067504883,1.8065309524536133,0.5701299154,0.03087872509140809
7-0_sample_1,0,200,0.0,0,0,0,0,52.338194847106934,4.040621519088745,0.5701299154,0.03087872509140809
7-0_sample_2,40,200,20.0,34.98970866203308,41.07877016067505,0.5507764675,0.023469643837946832,34.41627264022827,27.175610065460205,0.5701299154,0.03087872509140809
7-0_sample_3,0,200,0.0,0,0,0,0,38.466811180114746,3.6496388912200928,0.5701299154,0.03087872509140809
7-0_sample_4,0,200,0.0,0,0,0,0,33.15249443054199,4.0933287143707275,0.5701299154,0.03087872509140809
7-0_sample_5,196,200,98.0,1.4323348901709732,1.776776751693414,0.5706302544897959,0.030890041418820804,1.4468944072723389,1.7831599712371826,0.5701299154,0.03087872509140809
7-0_sample_6,0,200,0.0,0,0,0,0,8.67215871810913,2.9177939891815186,0.5701299154,0.03087872509140809
7-0_sample_7,100,200,50.0,55.31648874282837,62.396888732910156,0.5589920337,0.02830680687571221,50.2208137512207,49.83975410461426,0.5701299154,0.03087872509140809
7-0_sample_8,200,200,100.0,1.4000511169433594,1.7367303371429443,0.5701299154,0.03087872509140809,1.4000511169433594,1.7367303371429443,0.5701299154,0.03087872509140809
