{"plan_cover_execution_time": 43710.94913434982, "training_data_collection_time": 48.78725600242615}