{"plan_cover_execution_time": 8631.376153945923, "training_data_collection_time": 11.797786235809326}