{"plan_cover_execution_time": 62408.035257577896, "training_data_collection_time": 31.146361827850342}