{"plan_cover_execution_time": 2652.54349565506, "training_data_collection_time": 0.2861316204071045}