{"plan_cover_execution_time": 5526.180807828903, "training_data_collection_time": 0.6416161060333252}