{"plan_cover_execution_time": 2094.595605611801, "training_data_collection_time": 1.4890713691711426}