{"plan_cover_execution_time": 3448.994797229767, "training_data_collection_time": 4.885671138763428}