{"plan_cover_execution_time": 9341.019318580627, "training_data_collection_time": 2.5793046951293945}