{"plan_cover_execution_time": 8744.598896980286, "training_data_collection_time": 0.8824620246887207}