{"plan_cover_execution_time": 297.60610699653625, "training_data_collection_time": 0.1876356601715088}