{
    "model_train_time": 7.590586423873901,
    "model_predict_time (already * 200)": 56.03442192077637
}