{
    "model_train_time": 7.280690670013428,
    "model_predict_time (already * 200)": 59.618425369262695
}