{"plan_cover_execution_time": 3184.865015029907, "training_data_collection_time": 1.6454689502716064}