{
    "model_train_time": 10.095316648483276,
    "model_predict_time (already * 200)": 44.97885704040527
}