{"plan_cover_execution_time": 683.657172203064, "training_data_collection_time": 0.45468974113464355}