{
    "model_train_time": 12.853469848632812,
    "model_predict_time (already * 200)": 73.13852310180664
}