{"plan_cover_execution_time": 8174.5771651268005, "training_data_collection_time": 1.7555010318756104}