{"plan_cover_execution_time": 31280.071600437164, "training_data_collection_time": 2.6903767585754395}