{"plan_cover_execution_time": 2337.2181079387665, "training_data_collection_time": 1.8466801643371582}