{
    "model_train_time": 8.21441125869751,
    "model_predict_time (already * 200)": 76.77788734436035
}