{"plan_cover_execution_time": 3527.6253786087036, "training_data_collection_time": 1.7115774154663086}