{"plan_cover_execution_time": 5857.370084524155, "training_data_collection_time": 3.783154010772705}