{
    "model_train_time": 11.33871078491211,
    "model_predict_time (already * 200)": 85.2663516998291
}