query_id,improved_count,total,percentage_improved,avg_improved_hinted_latency,avg_improved_default_latency,avg_improved_confidence,std_improved_confidence,avg_hinted_latency,avg_default_latency,avg_confidence,std_confidence
1-0_sample_0,199,200,99.5,220.4819264723428,362.0967553488573,0.5362406188442211,0.011791503476806756,219.69579339027405,360.4256045818329,0.53622531175,0.011763831197483669
1-0_sample_1,199,200,99.5,204.55243240049737,359.68282234728633,0.5362406188442211,0.011791503476806756,203.81026148796082,358.0367910861969,0.53622531175,0.011763831197483669
1-0_sample_2,199,200,99.5,176.74249500485521,316.28455109332674,0.5362406188442211,0.011791503476806756,176.1053705215454,314.8285758495331,0.53622531175,0.011763831197483669
1-0_sample_3,199,200,99.5,161.69409296620432,292.3406871718977,0.5362406188442211,0.011791503476806756,161.1269509792328,291.00730776786804,0.53622531175,0.011763831197483669
1-0_sample_4,199,200,99.5,166.89800736892164,304.3506444998123,0.5362406188442211,0.011791503476806756,166.2979280948639,302.9749655723572,0.53622531175,0.011763831197483669
1-0_sample_5,199,200,99.5,168.59635516027708,282.39482491459677,0.5362406188442211,0.011791503476806756,167.97626495361328,281.10748052597046,0.53622531175,0.011763831197483669
1-0_sample_6,199,200,99.5,147.0249861329045,240.18896045397275,0.5362406188442211,0.011791503476806756,146.50315165519714,239.10577774047852,0.53622531175,0.011763831197483669
1-0_sample_7,199,200,99.5,167.848726013797,214.01329975032328,0.5362406188442211,0.011791503476806756,167.25457191467285,213.0520534515381,0.53622531175,0.011763831197483669
1-0_sample_8,199,200,99.5,133.89011004462313,232.00401948324998,0.5362406188442211,0.011791503476806756,133.4545886516571,230.9165596961975,0.53622531175,0.011763831197483669
