{"plan_cover_execution_time": 455.1974353790283, "training_data_collection_time": 1.809086799621582}