query_id,improved_count,total,percentage_improved,avg_improved_hinted_latency,avg_improved_default_latency,avg_improved_confidence,std_improved_confidence,avg_hinted_latency,avg_default_latency,avg_confidence,std_confidence
1-0_sample_0,199,200,99.5,219.78729454117206,360.97641326674267,0.5814511297487437,0.009908056879798057,219.023699760437,359.3123960494995,0.58137949025,0.009934924265491698
1-0_sample_1,199,200,99.5,207.54187550377006,363.74745057455857,0.5814511297487437,0.009908056879798057,206.79619789123535,362.0689809322357,0.58137949025,0.009934924265491698
1-0_sample_2,199,200,99.5,179.3090889801332,315.10711075672555,0.5814511297487437,0.009908056879798057,178.6726188659668,313.6943054199219,0.58137949025,0.009934924265491698
1-0_sample_3,199,200,99.5,156.425519205218,279.07534220709874,0.5814511297487437,0.009908056879798057,155.88484525680542,277.8342878818512,0.58137949025,0.009934924265491698
1-0_sample_4,199,200,99.5,159.17495746708394,278.6029559283999,0.5814511297487437,0.009908056879798057,158.62228751182556,277.3551142215729,0.58137949025,0.009934924265491698
1-0_sample_5,199,200,99.5,166.3906142939275,278.67370154989425,0.5814511297487437,0.009908056879798057,165.80676078796387,277.3854684829712,0.58137949025,0.009934924265491698
1-0_sample_6,199,200,99.5,152.96896138981958,247.84177272164044,0.5814511297487437,0.009908056879798057,152.4362015724182,246.72863602638245,0.58137949025,0.009934924265491698
1-0_sample_7,198,200,99.0,171.79063474289094,211.3516390925706,0.581379149090909,0.009880871333506723,172.02484250068665,211.02660059928894,0.58137949025,0.009934924265491698
1-0_sample_8,199,200,99.5,128.3034224006998,227.20921099485466,0.5814511297487437,0.009908056879798057,127.89664387702942,226.14647150039673,0.58137949025,0.009934924265491698
