{"plan_cover_execution_time": 1862.6515188217163, "training_data_collection_time": 0.3940582275390625}