{"plan_cover_execution_time": 140680.78812551498, "training_data_collection_time": 23.43152928352356}