{"plan_cover_execution_time": 1497.103575706482, "training_data_collection_time": 1.4711673259735107}