{"plan_cover_execution_time": 4086.431904554367, "training_data_collection_time": 1.4051904678344727}