{"plan_cover_execution_time": 7874.474159002304, "training_data_collection_time": 2.7899601459503174}