{
    "model_train_time": 9.019240379333496,
    "model_predict_time (already * 200)": 75.49152374267578
}