{
    "model_train_time": 7.294758558273315,
    "model_predict_time (already * 200)": 65.91448783874512
}