query_id,improved_count,total,percentage_improved,avg_improved_hinted_latency,avg_improved_default_latency,avg_improved_confidence,std_improved_confidence,avg_hinted_latency,avg_default_latency,avg_confidence,std_confidence
7-0_sample_0,200,200,100.0,1.4252090454101562,1.7837488651275635,0.56261983095,0.009163640684326117,1.4252090454101562,1.7837488651275635,0.56261983095,0.009163640684326117
7-0_sample_1,0,200,0.0,0,0,0,0,55.15564799308777,5.687127113342285,0.56261983095,0.009163640684326117
7-0_sample_2,22,200,11.0,33.702731132507324,45.24739222093062,0.5600954022727272,0.007377576647872112,33.70041489601135,25.101280212402344,0.56261983095,0.009163640684326117
7-0_sample_3,0,200,0.0,0,0,0,0,42.36690402030945,5.050857067108154,0.56261983095,0.009163640684326117
7-0_sample_4,0,200,0.0,0,0,0,0,37.17058777809143,5.127079486846924,0.56261983095,0.009163640684326117
7-0_sample_5,200,200,100.0,1.42592191696167,1.7898750305175781,0.56261983095,0.009163640684326117,1.42592191696167,1.7898750305175781,0.56261983095,0.009163640684326117
7-0_sample_6,0,200,0.0,0,0,0,0,8.5872483253479,2.9420769214630127,0.56261983095,0.009163640684326117
7-0_sample_7,150,200,75.0,46.08396212259928,52.04331398010254,0.5627927324666667,0.009290358199528777,53.344502449035645,53.199297189712524,0.56261983095,0.009163640684326117
7-0_sample_8,198,200,99.0,1.4361131070840238,1.8000735176934137,0.5627528577272727,0.00907862294935184,1.4490020275115967,1.8076086044311523,0.56261983095,0.009163640684326117
