{
    "model_train_time": 14.602814435958862,
    "model_predict_time (already * 200)": 123.87480735778809
}