{"plan_cover_execution_time": 51560.746706962585, "training_data_collection_time": 3.033464193344116}