{
    "model_train_time": 7.991565942764282,
    "model_predict_time (already * 200)": 104.90217208862305
}