{
    "model_train_time": 7.3009490966796875,
    "model_predict_time (already * 200)": 70.07455825805664
}