{"plan_cover_execution_time": 1398.5128135681152, "training_data_collection_time": 3.305140495300293}