{"plan_cover_execution_time": 5438.504811525345, "training_data_collection_time": 1.5606269836425781}