{
    "model_train_time": 8.074649095535278,
    "model_predict_time (already * 200)": 76.48019790649414
}