query_id,improved_count,total,percentage_improved,avg_improved_hinted_latency,avg_improved_default_latency,avg_improved_confidence,std_improved_confidence,avg_hinted_latency,avg_default_latency,avg_confidence,std_confidence
7-0_sample_0,199,200,99.5,1.4162950180283742,1.7671225658014191,0.5684139386432161,0.010167739989180458,1.4208555221557617,1.7695391178131104,0.5683959102,0.010145364911962622
7-0_sample_1,0,200,0.0,0,0,0,0,48.68809223175049,3.975796699523926,0.5683959102,0.010145364911962622
7-0_sample_2,21,200,10.5,33.948273885817756,45.309100832257954,0.5591456638095238,0.009740488811817643,33.25088381767273,24.896516799926758,0.5683959102,0.010145364911962622
7-0_sample_3,0,200,0.0,0,0,0,0,37.012614011764526,3.68477463722229,0.5683959102,0.010145364911962622
7-0_sample_4,0,200,0.0,0,0,0,0,30.19723653793335,3.5172176361083984,0.5683959102,0.010145364911962622
7-0_sample_5,199,200,99.5,1.4242946203030533,1.792735190846812,0.5683928035678392,0.010170856884601974,1.426560878753662,1.793069839477539,0.5683959102,0.010145364911962622
7-0_sample_6,0,200,0.0,0,0,0,0,8.549550771713257,2.950209379196167,0.5683959102,0.010145364911962622
7-0_sample_7,182,200,91.0,41.98783832591968,46.11001302907755,0.5683667114285714,0.010342225806168089,42.94336557388306,46.461613178253174,0.5683959102,0.010145364911962622
7-0_sample_8,199,200,99.5,1.4116764068603516,1.7537998793712213,0.5684338903517588,0.010156688156102087,1.413959264755249,1.753920316696167,0.5683959102,0.010145364911962622
