{"plan_cover_execution_time": 9408.589569807053, "training_data_collection_time": 7.305644512176514}