{
    "model_train_time": 9.150905132293701,
    "model_predict_time (already * 200)": 70.79238891601562
}