{"plan_cover_execution_time": 3439.0548849105835, "training_data_collection_time": 5.5124897956848145}