{"plan_cover_execution_time": 1994.9224967956543, "training_data_collection_time": 7.900508403778076}