{"plan_cover_execution_time": 10307.29712510109, "training_data_collection_time": 12.040493249893188}