{"plan_cover_execution_time": 4207.114366054535, "training_data_collection_time": 1.722952127456665}