query_id,improved_count,total,percentage_improved,avg_improved_hinted_latency,avg_improved_default_latency,avg_improved_confidence,std_improved_confidence,avg_hinted_latency,avg_default_latency,avg_confidence,std_confidence
7-0_sample_0,200,200,100.0,1.420973539352417,1.7880570888519287,0.6800881832,0.007952767348501446,1.420973539352417,1.7880570888519287,0.6800881832,0.007952767348501446
7-0_sample_1,0,200,0.0,0,0,0,0,48.373154401779175,4.123905897140503,0.6800881832,0.007952767348501446
7-0_sample_2,19,200,9.5,32.84582338835064,45.93785185562937,0.679740442631579,0.008254337637320593,32.853779792785645,24.629603624343872,0.6800881832,0.007952767348501446
7-0_sample_3,0,200,0.0,0,0,0,0,46.21857404708862,5.780150890350342,0.6800881832,0.007952767348501446
7-0_sample_4,0,200,0.0,0,0,0,0,30.413321256637573,3.5016989707946777,0.6800881832,0.007952767348501446
7-0_sample_5,199,200,99.5,1.375366095921502,1.742667289235484,0.6800905773869347,0.007972752541860726,1.3806307315826416,1.7454898357391357,0.6800881832,0.007952767348501446
7-0_sample_6,0,200,0.0,0,0,0,0,8.43646764755249,2.9268181324005127,0.6800881832,0.007952767348501446
7-0_sample_7,156,200,78.0,44.15635267893473,47.969086047930595,0.6794751166025641,0.007876907672218837,50.72853088378906,49.35628652572632,0.6800881832,0.007952767348501446
7-0_sample_8,199,200,99.5,1.4275653877449994,1.806235193607196,0.680118772763819,0.007961020402807613,1.4320528507232666,1.8086779117584229,0.6800881832,0.007952767348501446
