{
    "model_train_time": 9.146174907684326,
    "model_predict_time (already * 200)": 74.14669990539551
}