{
    "model_train_time": 8.093323469161987,
    "model_predict_time (already * 200)": 76.05452537536621
}