{"plan_cover_execution_time": 85272.86519169807, "training_data_collection_time": 17.483356952667236}