query_id,improved_count,total,percentage_improved,avg_improved_hinted_latency,avg_improved_default_latency,avg_improved_confidence,std_improved_confidence,avg_hinted_latency,avg_default_latency,avg_confidence,std_confidence
1-0_sample_0,199,200,99.5,222.95430077979313,363.69044337440374,0.5362406188442211,0.011791503476806756,222.19351291656494,362.0546531677246,0.53622531175,0.011763831197483669
1-0_sample_1,199,200,99.5,208.0511663427305,360.92315966160453,0.5362406188442211,0.011791503476806756,207.30754971504211,359.29112672805786,0.53622531175,0.011763831197483669
1-0_sample_2,199,200,99.5,184.6604251382339,322.81291305120266,0.5362406188442211,0.011791503476806756,183.98632526397705,321.3324296474457,0.53622531175,0.011763831197483669
1-0_sample_3,199,200,99.5,162.46100286742552,288.9389500546096,0.5362406188442211,0.011791503476806756,161.90032601356506,287.6649534702301,0.53622531175,0.011763831197483669
1-0_sample_4,199,200,99.5,161.44557933711528,282.3271391978815,0.5362406188442211,0.011791503476806756,160.87615489959717,281.0368812084198,0.53622531175,0.011763831197483669
1-0_sample_5,199,200,99.5,164.94138755990033,277.5932328784885,0.5362406188442211,0.011791503476806756,164.36092734336853,276.3398206233978,0.53622531175,0.011763831197483669
1-0_sample_6,199,200,99.5,148.01615446656194,246.2375235916981,0.5362406188442211,0.011791503476806756,147.5044083595276,245.11322617530823,0.53622531175,0.011763831197483669
1-0_sample_7,196,200,98.0,168.31726687295097,205.64274277005876,0.5361261550510205,0.011829477977839963,170.2687406539917,206.67294144630432,0.53622531175,0.011763831197483669
1-0_sample_8,199,200,99.5,128.16850264467786,234.82743938963617,0.5362406188442211,0.011791503476806756,127.76097297668457,233.72775077819824,0.53622531175,0.011763831197483669
