{
    "model_train_time": 6.416752815246582,
    "model_predict_time (already * 200)": 35.85553169250488
}