{"plan_cover_execution_time": 4330.403871297836, "training_data_collection_time": 2.607571840286255}