{"plan_cover_execution_time": 68613.32875037193, "training_data_collection_time": 33.86817264556885}