{"plan_cover_execution_time": 21303.100610494614, "training_data_collection_time": 1.3943374156951904}