{
    "model_train_time": 10.088422536849976,
    "model_predict_time (already * 200)": 66.29629135131836
}