{
    "model_train_time": 7.054606914520264,
    "model_predict_time (already * 200)": 55.90023994445801
}