{"plan_cover_execution_time": 2775.1648666858673, "training_data_collection_time": 0.8341648578643799}