{
    "model_train_time": 6.728136301040649,
    "model_predict_time (already * 200)": 43.20869445800781
}