{
    "model_train_time": 6.968840599060059,
    "model_predict_time (already * 200)": 57.96685218811035
}