{"plan_cover_execution_time": 28998.255019426346, "training_data_collection_time": 3.773801565170288}