{
    "model_train_time": 8.181030988693237,
    "model_predict_time (already * 200)": 56.286001205444336
}