{"plan_cover_execution_time": 52491.698491334915, "training_data_collection_time": 25.78040647506714}