{"plan_cover_execution_time": 10431.219294548035, "training_data_collection_time": 2.4555819034576416}