{"plan_cover_execution_time": 5266.555740118027, "training_data_collection_time": 11.735018491744995}