{"plan_cover_execution_time": 360.4231514930725, "training_data_collection_time": 0.09936022758483887}