{
    "model_train_time": 7.2084081172943115,
    "model_predict_time (already * 200)": 59.291791915893555
}