{"plan_cover_execution_time": 1163.4050080776215, "training_data_collection_time": 0.2721424102783203}