{
    "model_train_time": 10.518975257873535,
    "model_predict_time (already * 200)": 65.90390205383301
}