{"plan_cover_execution_time": 5153.396094322205, "training_data_collection_time": 0.9951810836791992}