{"plan_cover_execution_time": 2513.0168917179108, "training_data_collection_time": 1.665754795074463}