{"plan_cover_execution_time": 11556.699706315994, "training_data_collection_time": 3.120821714401245}