{
    "model_train_time": 10.494603395462036,
    "model_predict_time (already * 200)": 69.63849067687988
}