{"plan_cover_execution_time": 4665.82665514946, "training_data_collection_time": 0.8580906391143799}