{
    "cardinality_training_50_confidence_0": {
        "candidate_plan_generation_time_seconds": 249.33349871635437,
        "plan_cover_execution_time": 8774.800678730011,
        "training_data_collection_time": 19.933768272399902,
        "model_prediction_time": 9.158064842224121,
        "#_of_robust_plans": 5,
        "Avg Robust (ms)": 166.3072907924652,
        "Avg Postgres (ms)": 756.7291486263275,
        "Ratio": 4.550186254736417,
        "Robust_is_faster": "150/200",
        "#_of_distinct_in_50": "50/50"
    },
    "cardinality_training_50_confidence_0.2": {
        "candidate_plan_generation_time_seconds": 249.33349871635437,
        "plan_cover_execution_time": 8774.800678730011,
        "training_data_collection_time": 19.933768272399902,
        "model_prediction_time": 9.008902788162231,
        "#_of_robust_plans": 5,
        "Avg Robust (ms)": 216.3356864452362,
        "Avg Postgres (ms)": 758.2790076732635,
        "Ratio": 3.505103666126838,
        "Robust_is_faster": "148/200",
        "#_of_distinct_in_50": "50/50"
    },
    "cardinality_training_50_confidence_0.4": {
        "candidate_plan_generation_time_seconds": 249.33349871635437,
        "plan_cover_execution_time": 8774.800678730011,
        "training_data_collection_time": 19.933768272399902,
        "model_prediction_time": 8.982001543045044,
        "#_of_robust_plans": 5,
        "Avg Robust (ms)": 250.04485726356504,
        "Avg Postgres (ms)": 762.4363696575165,
        "Ratio": 3.0491983638513886,
        "Robust_is_faster": "150/200",
        "#_of_distinct_in_50": "50/50"
    },
    "cardinality_training_50_confidence_0.6": {
        "candidate_plan_generation_time_seconds": 249.33349871635437,
        "plan_cover_execution_time": 8774.800678730011,
        "training_data_collection_time": 19.933768272399902,
        "model_prediction_time": 8.909095525741577,
        "#_of_robust_plans": 5,
        "Avg Robust (ms)": 739.4153380393982,
        "Avg Postgres (ms)": 738.551652431488,
        "Ratio": -1.0011694315557573,
        "Robust_is_faster": "92/200",
        "#_of_distinct_in_50": "50/50"
    },
    "cardinality_training_50_confidence_0.8": {
        "candidate_plan_generation_time_seconds": 249.33349871635437,
        "plan_cover_execution_time": 8774.800678730011,
        "training_data_collection_time": 19.933768272399902,
        "model_prediction_time": 8.836118459701538,
        "#_of_robust_plans": 5,
        "Avg Robust (ms)": 747.7187061309814,
        "Avg Postgres (ms)": 747.5024843215942,
        "Ratio": -1.0002892589843142,
        "Robust_is_faster": "97/200",
        "#_of_distinct_in_50": "50/50"
    },
    "cardinality_training_400_confidence_0": {
        "candidate_plan_generation_time_seconds": 540.4646089076996,
        "plan_cover_execution_time": 87423.66785979271,
        "training_data_collection_time": 13.231226682662964,
        "model_prediction_time": 10.890629291534424,
        "#_of_robust_plans": 5,
        "Avg Robust (ms)": 164.75943446159363,
        "Avg Postgres (ms)": 755.3484499454498,
        "Ratio": 4.584553548716665,
        "Robust_is_faster": "151/200",
        "#_of_distinct_in_400": "399/400"
    },
    "cardinality_training_400_confidence_0.2": {
        "candidate_plan_generation_time_seconds": 540.4646089076996,
        "plan_cover_execution_time": 87423.66785979271,
        "training_data_collection_time": 13.231226682662964,
        "model_prediction_time": 11.01681113243103,
        "#_of_robust_plans": 5,
        "Avg Robust (ms)": 163.14257264137268,
        "Avg Postgres (ms)": 754.9475932121277,
        "Ratio": 4.627532721772675,
        "Robust_is_faster": "151/200",
        "#_of_distinct_in_400": "399/400"
    },
    "cardinality_training_400_confidence_0.4": {
        "candidate_plan_generation_time_seconds": 540.4646089076996,
        "plan_cover_execution_time": 87423.66785979271,
        "training_data_collection_time": 13.231226682662964,
        "model_prediction_time": 11.040038824081421,
        "#_of_robust_plans": 5,
        "Avg Robust (ms)": 164.56898093223572,
        "Avg Postgres (ms)": 756.650105714798,
        "Ratio": 4.597768676870901,
        "Robust_is_faster": "151/200",
        "#_of_distinct_in_400": "399/400"
    },
    "cardinality_training_400_confidence_0.6": {
        "candidate_plan_generation_time_seconds": 540.4646089076996,
        "plan_cover_execution_time": 87423.66785979271,
        "training_data_collection_time": 13.231226682662964,
        "model_prediction_time": 11.011209487915039,
        "#_of_robust_plans": 5,
        "Avg Robust (ms)": 323.5905158519745,
        "Avg Postgres (ms)": 755.3280055522919,
        "Ratio": 2.3342093434463154,
        "Robust_is_faster": "136/200",
        "#_of_distinct_in_400": "399/400"
    },
    "cardinality_training_400_confidence_0.8": {
        "candidate_plan_generation_time_seconds": 540.4646089076996,
        "plan_cover_execution_time": 87423.66785979271,
        "training_data_collection_time": 13.231226682662964,
        "model_prediction_time": 10.961345195770264,
        "#_of_robust_plans": 5,
        "Avg Robust (ms)": 739.007979631424,
        "Avg Postgres (ms)": 739.2454314231873,
        "Ratio": 1.0003213115396694,
        "Robust_is_faster": "102/200",
        "#_of_distinct_in_400": "399/400"
    },
    "kepler_training_50_confidence_0": {
        "candidate_plan_generation_time_seconds": 233.71383595466614,
        "plan_cover_execution_time": 7073.10634803772,
        "training_data_collection_time": 3.395735740661621,
        "model_prediction_time": 8.876732110977173,
        "#_of_robust_plans": 4,
        "Avg Robust (ms)": 135.6968057155609,
        "Avg Postgres (ms)": 1005.6863021850586,
        "Ratio": 7.411274693474471,
        "Robust_is_faster": "183/200",
        "#_of_distinct_in_50": "50/50"
    },
    "kepler_training_50_confidence_0.2": {
        "candidate_plan_generation_time_seconds": 233.71383595466614,
        "plan_cover_execution_time": 7073.10634803772,
        "training_data_collection_time": 3.395735740661621,
        "model_prediction_time": 8.779292345046997,
        "#_of_robust_plans": 4,
        "Avg Robust (ms)": 152.5653898715973,
        "Avg Postgres (ms)": 1033.7498772144318,
        "Ratio": 6.775782358531385,
        "Robust_is_faster": "189/200",
        "#_of_distinct_in_50": "50/50"
    },
    "kepler_training_50_confidence_0.4": {
        "candidate_plan_generation_time_seconds": 233.71383595466614,
        "plan_cover_execution_time": 7073.10634803772,
        "training_data_collection_time": 3.395735740661621,
        "model_prediction_time": 8.723092555999756,
        "#_of_robust_plans": 4,
        "Avg Robust (ms)": 133.12633752822876,
        "Avg Postgres (ms)": 1052.6564967632294,
        "Ratio": 7.907199404024909,
        "Robust_is_faster": "186/200",
        "#_of_distinct_in_50": "50/50"
    },
    "kepler_training_50_confidence_0.6": {
        "candidate_plan_generation_time_seconds": 233.71383595466614,
        "plan_cover_execution_time": 7073.10634803772,
        "training_data_collection_time": 3.395735740661621,
        "model_prediction_time": 8.921785593032837,
        "#_of_robust_plans": 4,
        "Avg Robust (ms)": 1028.2610201835632,
        "Avg Postgres (ms)": 1029.862915277481,
        "Ratio": 1.0015578681506685,
        "Robust_is_faster": "102/200",
        "#_of_distinct_in_50": "50/50"
    },
    "kepler_training_50_confidence_0.8": {
        "candidate_plan_generation_time_seconds": 233.71383595466614,
        "plan_cover_execution_time": 7073.10634803772,
        "training_data_collection_time": 3.395735740661621,
        "model_prediction_time": 8.759541273117065,
        "#_of_robust_plans": 4,
        "Avg Robust (ms)": 1021.0699760913848,
        "Avg Postgres (ms)": 1021.6316556930542,
        "Ratio": 1.0005500892346473,
        "Robust_is_faster": "106/200",