{"plan_cover_execution_time": 3449.738374233246, "training_data_collection_time": 2.9857475757598877}