{"plan_cover_execution_time": 4797.145033836365, "training_data_collection_time": 5.285694599151611}