{"plan_cover_execution_time": 57465.65273141861, "training_data_collection_time": 3.545639991760254}