{"plan_cover_execution_time": 6619.4276468753815, "training_data_collection_time": 0.8106083869934082}