{"plan_cover_execution_time": 433.67782855033875, "training_data_collection_time": 0.3646376132965088}