{"plan_cover_execution_time": 3256.285714149475, "training_data_collection_time": 5.116178750991821}