{"plan_cover_execution_time": 14848.370032787323, "training_data_collection_time": 2.880347967147827}