{"plan_cover_execution_time": 16520.862832546234, "training_data_collection_time": 0.8640012741088867}