{
    "model_train_time": 9.455565452575684,
    "model_predict_time (already * 200)": 73.15359115600586
}