{"plan_cover_execution_time": 9017.763613939285, "training_data_collection_time": 4.345479488372803}