{"plan_cover_execution_time": 11577.402432918549, "training_data_collection_time": 6.598324298858643}