query_id,improved_count,total,percentage_improved,avg_improved_hinted_latency,avg_improved_default_latency,avg_improved_confidence,std_improved_confidence,avg_hinted_latency,avg_default_latency,avg_confidence,std_confidence
7-0_sample_0,200,200,100.0,1.4129579067230225,1.7534077167510986,0.7585856523958333,0.004153037716506705,1.4129579067230225,1.7534077167510986,0.7585856523958333,0.004153037716506705
7-0_sample_1,200,200,100.0,1.8757915496826172,3.08829665184021,0.7585856523958333,0.004153037716506705,1.8757915496826172,3.08829665184021,0.7585856523958333,0.004153037716506705
7-0_sample_2,0,200,0.0,0,0,0,0,32.88446664810181,19.372767210006714,0.7585856523958333,0.004153037716506705
7-0_sample_3,200,200,100.0,1.834397315979004,3.0245721340179443,0.7585856523958333,0.004153037716506705,1.834397315979004,3.0245721340179443,0.7585856523958333,0.004153037716506705
7-0_sample_4,200,200,100.0,1.8812310695648193,3.0884671211242676,0.7585856523958333,0.004153037716506705,1.8812310695648193,3.0884671211242676,0.7585856523958333,0.004153037716506705
7-0_sample_5,200,200,100.0,1.4306640625,1.7784404754638672,0.7585856523958333,0.004153037716506705,1.4306640625,1.7784404754638672,0.7585856523958333,0.004153037716506705
7-0_sample_6,200,200,100.0,1.940925121307373,2.898808717727661,0.7585856523958333,0.004153037716506705,1.940925121307373,2.898808717727661,0.7585856523958333,0.004153037716506705
7-0_sample_7,149,200,74.5,39.77554116473102,44.49979250863095,0.7586035241843971,0.00386933562305804,39.88245725631714,42.0605194568634,0.7585856523958333,0.004153037716506705
7-0_sample_8,199,200,99.5,1.4190050824802725,1.7594236824380693,0.758675077591623,0.003974294970675861,1.4213085174560547,1.7598235607147217,0.7585856523958333,0.004153037716506705
