{"plan_cover_execution_time": 22220.411061048508, "training_data_collection_time": 7.2241644859313965}