{
    "model_train_time": 10.854205131530762,
    "model_predict_time (already * 200)": 75.69718360900879
}