{"plan_cover_execution_time": 316.0151197910309, "training_data_collection_time": 0.2129805088043213}