query_id,improved_count,total,percentage_improved,avg_improved_hinted_latency,avg_improved_default_latency,avg_improved_confidence,std_improved_confidence,avg_hinted_latency,avg_default_latency,avg_confidence,std_confidence
1-0_sample_0,199,200,99.5,218.39805703666343,364.47289720851575,0.4973862318592965,0.012295621467380951,217.65458822250366,362.8179454803467,0.49732720635,0.012293063057345864
1-0_sample_1,199,200,99.5,208.3054930720497,364.4299962412772,0.4973862318592965,0.012295621467380951,207.56151676177979,362.7796471118927,0.49732720635,0.012293063057345864
1-0_sample_2,199,200,99.5,183.08602745209507,322.1965447143095,0.4973862318592965,0.012295621467380951,182.42193579673767,320.7179534435272,0.49732720635,0.012293063057345864
1-0_sample_3,199,200,99.5,163.4932271200209,291.6012457267723,0.4973862318592965,0.012295621467380951,162.92386531829834,290.29972672462463,0.49732720635,0.012293063057345864
1-0_sample_4,199,200,99.5,166.2299740853621,293.30318057956407,0.4973862318592965,0.012295621467380951,165.64501881599426,291.9575500488281,0.49732720635,0.012293063057345864
1-0_sample_5,199,200,99.5,162.59805161749298,283.0305183353137,0.4973862318592965,0.012295621467380951,162.03431606292725,281.72627091407776,0.49732720635,0.012293063057345864
1-0_sample_6,199,200,99.5,148.11471119597928,243.85057142631493,0.4973862318592965,0.012295621467380951,147.60043859481812,242.73418545722961,0.49732720635,0.012293063057345864
1-0_sample_7,199,200,99.5,170.5000124984051,212.06652459187723,0.4973862318592965,0.012295621467380951,169.89055275917053,211.11485838890076,0.49732720635,0.012293063057345864
1-0_sample_8,199,200,99.5,131.1644046150859,238.0855958066394,0.4973862318592965,0.012295621467380951,130.75401902198792,236.97346806526184,0.49732720635,0.012293063057345864
