{"plan_cover_execution_time": 5951.981554985046, "training_data_collection_time": 0.3342418670654297}