{
    "model_train_time": 7.9465107917785645,
    "model_predict_time (already * 200)": 71.24977111816406
}