{"plan_cover_execution_time": 225.28708791732788, "training_data_collection_time": 0.5616881847381592}