{"plan_cover_execution_time": 29147.565095186234, "training_data_collection_time": 3.9436023235321045}