{"plan_cover_execution_time": 15051.140852928162, "training_data_collection_time": 9.887360572814941}