{
    "model_train_time": 7.468084096908569,
    "model_predict_time (already * 200)": 53.88526916503906
}