{"plan_cover_execution_time": 92417.93206858635, "training_data_collection_time": 16.558916091918945}