{"plan_cover_execution_time": 2145.729035615921, "training_data_collection_time": 8.923491477966309}