{"plan_cover_execution_time": 24033.58154273033, "training_data_collection_time": 3.7524003982543945}