{"plan_cover_execution_time": 17443.710911035538, "training_data_collection_time": 3.0812292098999023}