{"plan_cover_execution_time": 12709.432803869247, "training_data_collection_time": 4.904392719268799}