{
    "model_train_time": 6.9948413372039795,
    "model_predict_time (already * 200)": 50.46215057373047
}