{"plan_cover_execution_time": 7073.10634803772, "training_data_collection_time": 3.395735740661621}