{
    "model_train_time": 10.173220872879028,
    "model_predict_time (already * 200)": 59.212684631347656
}