{"plan_cover_execution_time": 1905.7756686210632, "training_data_collection_time": 6.346398115158081}