{
    "model_train_time": 7.487015962600708,
    "model_predict_time (already * 200)": 43.52989196777344
}