{"plan_cover_execution_time": 2801.5128326416016, "training_data_collection_time": 0.6705012321472168}