{"plan_cover_execution_time": 8249.917246580124, "training_data_collection_time": 3.300544261932373}