{"plan_cover_execution_time": 315.7169945240021, "training_data_collection_time": 0.13209080696105957}