{
    "model_train_time": 9.629956722259521,
    "model_predict_time (already * 200)": 54.31976318359375
}