{
    "model_train_time": 12.729250431060791,
    "model_predict_time (already * 200)": 70.37577629089355
}