{
    "model_train_time": 10.382348775863647,
    "model_predict_time (already * 200)": 63.10467720031738
}