{
    "model_train_time": 6.500532627105713,
    "model_predict_time (already * 200)": 41.963815689086914
}