query_id,improved_count,total,percentage_improved,avg_improved_hinted_latency,avg_improved_default_latency,avg_improved_confidence,std_improved_confidence,avg_hinted_latency,avg_default_latency,avg_confidence,std_confidence
7-0_sample_0,200,200,100.0,1.4336371421813965,1.7885661125183105,0.5633792533333334,0.005392498923895002,1.4336371421813965,1.7885661125183105,0.5633792533333334,0.005392498923895002
7-0_sample_1,0,200,0.0,0,0,0,0,50.06633520126343,4.731931686401367,0.5633792533333334,0.005392498923895002
7-0_sample_2,8,200,4.0,33.721208572387695,35.125166177749634,0.56212500125,0.005045194214108074,33.16868305206299,21.196420192718506,0.5633792533333334,0.005392498923895002
7-0_sample_3,0,200,0.0,0,0,0,0,40.129534006118774,4.892115592956543,0.5633792533333334,0.005392498923895002
7-0_sample_4,0,200,0.0,0,0,0,0,29.930161237716675,3.476816415786743,0.5633792533333334,0.005392498923895002
7-0_sample_5,199,200,99.5,1.442428809314517,1.7893494074069076,0.5634345235078534,0.0053518674496792805,1.4476323127746582,1.791977882385254,0.5633792533333334,0.005392498923895002
7-0_sample_6,0,200,0.0,0,0,0,0,8.31168532371521,2.894998788833618,0.5633792533333334,0.005392498923895002
7-0_sample_7,143,200,71.5,40.50915057842548,45.43577707730807,0.5634429028888889,0.005342028648482735,40.7693612575531,42.852065563201904,0.5633792533333334,0.005392498923895002
7-0_sample_8,199,200,99.5,1.407763466763137,1.7394767933754465,0.5633819619895288,0.005406540128808933,1.4123642444610596,1.74202561378479,0.5633792533333334,0.005392498923895002
