{"plan_cover_execution_time": 17712.67030119896, "training_data_collection_time": 19.187350511550903}