{
    "model_train_time": 9.418570756912231,
    "model_predict_time (already * 200)": 71.14486694335938
}