{
    "model_train_time": 7.649534463882446,
    "model_predict_time (already * 200)": 45.49856185913086
}