{"plan_cover_execution_time": 12617.085384130478, "training_data_collection_time": 2.685582160949707}