{
    "model_train_time": 6.884353399276733,
    "model_predict_time (already * 200)": 51.06301307678223
}