{"plan_cover_execution_time": 6881.617237091064, "training_data_collection_time": 1.8733501434326172}