{"plan_cover_execution_time": 3475.225251674652, "training_data_collection_time": 2.0046868324279785}