{
    "model_train_time": 7.429196119308472,
    "model_predict_time (already * 200)": 45.68643569946289
}