{
    "model_train_time": 7.3848772048950195,
    "model_predict_time (already * 200)": 53.896522521972656
}