{"plan_cover_execution_time": 87691.01014137268, "training_data_collection_time": 16.633376598358154}