{
    "model_train_time": 9.563540697097778,
    "model_predict_time (already * 200)": 54.61001396179199
}