{
    "model_train_time": 7.935834169387817,
    "model_predict_time (already * 200)": 68.35947036743164
}