{
    "model_train_time": 7.172262668609619,
    "model_predict_time (already * 200)": 54.317331314086914
}