{
    "model_train_time": 10.09968614578247,
    "model_predict_time (already * 200)": 59.595394134521484
}