{"plan_cover_execution_time": 10061.72529387474, "training_data_collection_time": 7.320952415466309}