query_id,improved_count,total,percentage_improved,avg_improved_hinted_latency,avg_improved_default_latency,avg_improved_confidence,std_improved_confidence,avg_hinted_latency,avg_default_latency,avg_confidence,std_confidence
7-0_sample_0,200,200,100.0,1.4167988300323486,1.761610507965088,0.59942734865,0.024088199253688342,1.4167988300323486,1.761610507965088,0.59942734865,0.024088199253688342
7-0_sample_1,0,200,0.0,0,0,0,0,61.66417360305786,7.531752586364746,0.59942734865,0.024088199253688342
7-0_sample_2,25,200,12.5,35.15470504760742,43.9044189453125,0.603938816,0.019948075833895202,34.62547540664673,25.4407000541687,0.59942734865,0.024088199253688342
7-0_sample_3,0,200,0.0,0,0,0,0,37.85063028335571,3.6729049682617188,0.59942734865,0.024088199253688342
7-0_sample_4,0,200,0.0,0,0,0,0,38.4992790222168,5.16476035118103,0.59942734865,0.024088199253688342
7-0_sample_5,200,200,100.0,1.4312219619750977,1.78261399269104,0.59942734865,0.024088199253688342,1.4312219619750977,1.78261399269104,0.59942734865,0.024088199253688342
7-0_sample_6,0,200,0.0,0,0,0,0,8.728588819503784,2.93537974357605,0.59942734865,0.024088199253688342
7-0_sample_7,114,200,56.99999999999999,56.806212977359166,64.65312263421845,0.5957439247368421,0.0261328108122995,52.598663568496704,53.659629821777344,0.59942734865,0.024088199253688342
7-0_sample_8,198,200,99.0,1.4235648241910068,1.7677015728420682,0.5992607986363636,0.02411923894644513,1.4301109313964844,1.7696058750152588,0.59942734865,0.024088199253688342
