{"plan_cover_execution_time": 3260.4167029857635, "training_data_collection_time": 0.6440324783325195}