{
    "model_train_time": 10.814074754714966,
    "model_predict_time (already * 200)": 72.41058349609375
}