{"plan_cover_execution_time": 2308.1924357414246, "training_data_collection_time": 0.2529265880584717}