{"plan_cover_execution_time": 2398.343357563019, "training_data_collection_time": 0.7072725296020508}