{"plan_cover_execution_time": 48363.15571951866, "training_data_collection_time": 4.122844696044922}