{"plan_cover_execution_time": 10729.876376867294, "training_data_collection_time": 15.734808206558228}