{
    "model_train_time": 10.681453227996826,
    "model_predict_time (already * 200)": 64.08820152282715
}