{
    "model_train_time": 7.558103322982788,
    "model_predict_time (already * 200)": 46.49472236633301
}