{"plan_cover_execution_time": 22099.17596435547, "training_data_collection_time": 2.077622652053833}