{"plan_cover_execution_time": 3361.8260843753815, "training_data_collection_time": 1.0962457656860352}