{
    "model_train_time": 6.92401909828186,
    "model_predict_time (already * 200)": 50.15568733215332
}