{
    "model_train_time": 9.232661962509155,
    "model_predict_time (already * 200)": 44.34151649475098
}