{"plan_cover_execution_time": 1142.125072002411, "training_data_collection_time": 1.0090129375457764}