{"plan_cover_execution_time": 31795.944148540497, "training_data_collection_time": 37.85302400588989}