query_id,improved_count,total,percentage_improved,avg_improved_hinted_latency,avg_improved_default_latency,avg_improved_confidence,std_improved_confidence,avg_hinted_latency,avg_default_latency,avg_confidence,std_confidence
7-0_sample_0,200,200,100.0,1.2804985046386719,1.6300702095031738,0.6359212486,0.0037447190716675374,1.2804985046386719,1.6300702095031738,0.6359212486,0.0037447190716675374
7-0_sample_1,0,200,0.0,0,0,0,0,48.520132303237915,4.041987657546997,0.6359212486,0.0037447190716675374
7-0_sample_2,21,200,10.5,33.00154776800247,45.66436722165062,0.6340082466666667,0.003183949977577108,32.84850835800171,24.7708797454834,0.6359212486,0.0037447190716675374
7-0_sample_3,0,200,0.0,0,0,0,0,37.330994606018066,3.8734519481658936,0.6359212486,0.0037447190716675374
7-0_sample_4,0,200,0.0,0,0,0,0,30.075496435165405,3.5191965103149414,0.6359212486,0.0037447190716675374
7-0_sample_5,200,200,100.0,1.400512456893921,1.740114688873291,0.6359212486,0.0037447190716675374,1.400512456893921,1.740114688873291,0.6359212486,0.0037447190716675374
7-0_sample_6,0,200,0.0,0,0,0,0,8.418353796005249,2.9235005378723145,0.6359212486,0.0037447190716675374
7-0_sample_7,155,200,77.5,45.62054910967427,50.66211300511514,0.6361922227741935,0.003431407916540494,50.30404806137085,51.12122416496277,0.6359212486,0.0037447190716675374
7-0_sample_8,200,200,100.0,1.4361369609832764,1.7974066734313965,0.6359212486,0.0037447190716675374,1.4361369609832764,1.7974066734313965,0.6359212486,0.0037447190716675374
