{"plan_cover_execution_time": 7196.275604724884, "training_data_collection_time": 1.1522223949432373}