{
    "model_train_time": 7.467113971710205,
    "model_predict_time (already * 200)": 62.96820640563965
}