{
    "model_train_time": 11.382988214492798,
    "model_predict_time (already * 200)": 84.42258834838867
}