{"plan_cover_execution_time": 1703.7428653240204, "training_data_collection_time": 0.40442562103271484}