{"plan_cover_execution_time": 3943.2329065799713, "training_data_collection_time": 0.8376433849334717}