{
    "model_train_time": 14.236665487289429,
    "model_predict_time (already * 200)": 82.11445808410645
}