{"plan_cover_execution_time": 5294.279818058014, "training_data_collection_time": 3.191627025604248}