{
    "model_train_time": 6.339673757553101,
    "model_predict_time (already * 200)": 34.15346145629883
}