{
    "model_train_time": 6.5336973667144775,
    "model_predict_time (already * 200)": 38.33789825439453
}