{"plan_cover_execution_time": 97959.15298581123, "training_data_collection_time": 7.797821283340454}