{"plan_cover_execution_time": 3361.0029990673065, "training_data_collection_time": 2.373737335205078}