{"plan_cover_execution_time": 3387.3779125213623, "training_data_collection_time": 4.192234992980957}