{"plan_cover_execution_time": 5737.187741279602, "training_data_collection_time": 0.6899895668029785}