{"plan_cover_execution_time": 569.0082864761353, "training_data_collection_time": 0.12305140495300293}