{
    "model_train_time": 10.54558539390564,
    "model_predict_time (already * 200)": 65.04068374633789
}