{
    "model_train_time": 9.121609210968018,
    "model_predict_time (already * 200)": 73.68230819702148
}