{"plan_cover_execution_time": 2121.9252898693085, "training_data_collection_time": 0.3168482780456543}