{
    "model_train_time": 7.642065763473511,
    "model_predict_time (already * 200)": 69.41280364990234
}