{
    "model_train_time": 10.284711360931396,
    "model_predict_time (already * 200)": 63.23237419128418
}