query_id,improved_count,total,percentage_improved,avg_improved_hinted_latency,avg_improved_default_latency,avg_improved_confidence,std_improved_confidence,avg_hinted_latency,avg_default_latency,avg_hinted_cost,avg_default_cost,avg_confidence,std_confidence
2-0,111,200,55.50000000000001,404.1854884173419,406.47530770516613,0.48993581599999997,0.00977091134483781,308.9751601219177,309.8760938644409,4009.0029999999992,4009.0029999999992,0.49043555125,0.010119682974291824
