{"plan_cover_execution_time": 77672.62995934486, "training_data_collection_time": 6.976038694381714}