{"plan_cover_execution_time": 19348.23222875595, "training_data_collection_time": 3.9801528453826904}