{"plan_cover_execution_time": 1251.7069730758667, "training_data_collection_time": 0.28031301498413086}