{
    "model_train_time": 8.04068660736084,
    "model_predict_time (already * 200)": 110.99920272827148
}