{"plan_cover_execution_time": 13090.62351346016, "training_data_collection_time": 2.187164306640625}