{"plan_cover_execution_time": 5184.850763082504, "training_data_collection_time": 1.3037827014923096}