{
    "cardinality_training_50_confidence_0": {
        "candidate_plan_generation_time_seconds": 126.60666275024414,
        "plan_cover_execution_time": 5319.096801280975,
        "training_data_collection_time": 12.929044246673584,
        "model_prediction_time": 8.084649085998535,
        "#_of_robust_plans": 3,
        "Avg Robust (ms)": 328.73801350593567,
        "Avg Postgres (ms)": 379.5834469795227,
        "Ratio": 1.1546685548511078,
        "Robust_is_faster": "104/200",
        "#_of_distinct_in_50": "50/50"
    },
    "cardinality_training_50_confidence_0.2": {
        "candidate_plan_generation_time_seconds": 126.60666275024414,
        "plan_cover_execution_time": 5319.096801280975,
        "training_data_collection_time": 12.929044246673584,
        "model_prediction_time": 7.694379806518555,
        "#_of_robust_plans": 3,
        "Avg Robust (ms)": 514.4490432739258,
        "Avg Postgres (ms)": 389.50661540031433,
        "Ratio": -1.3207710034531819,
        "Robust_is_faster": "64/200",
        "#_of_distinct_in_50": "50/50"
    },
    "cardinality_training_50_confidence_0.4": {
        "candidate_plan_generation_time_seconds": 126.60666275024414,
        "plan_cover_execution_time": 5319.096801280975,
        "training_data_collection_time": 12.929044246673584,
        "model_prediction_time": 7.583206415176392,
        "#_of_robust_plans": 3,
        "Avg Robust (ms)": 335.04754304885864,
        "Avg Postgres (ms)": 387.9841887950897,
        "Ratio": 1.1579974151265797,
        "Robust_is_faster": "103/200",
        "#_of_distinct_in_50": "50/50"
    },
    "cardinality_training_50_confidence_0.6": {
        "candidate_plan_generation_time_seconds": 126.60666275024414,
        "plan_cover_execution_time": 5319.096801280975,
        "training_data_collection_time": 12.929044246673584,
        "model_prediction_time": 7.6061460971832275,
        "#_of_robust_plans": 3,
        "Avg Robust (ms)": 386.5060567855835,
        "Avg Postgres (ms)": 386.1566734313965,
        "Ratio": -1.0009047709860415,
        "Robust_is_faster": "98/200",
        "#_of_distinct_in_50": "50/50"
    },
    "cardinality_training_50_confidence_0.8": {
        "candidate_plan_generation_time_seconds": 126.60666275024414,
        "plan_cover_execution_time": 5319.096801280975,
        "training_data_collection_time": 12.929044246673584,
        "model_prediction_time": 7.5038161277771,
        "#_of_robust_plans": 3,
        "Avg Robust (ms)": 385.67824959754944,
        "Avg Postgres (ms)": 385.68870425224304,
        "Ratio": 1.0000271071928597,
        "Robust_is_faster": "101/200",
        "#_of_distinct_in_50": "50/50"
    },
    "cardinality_training_400_confidence_0": {
        "candidate_plan_generation_time_seconds": 220.41644072532654,
        "plan_cover_execution_time": 48363.15571951866,
        "training_data_collection_time": 4.122844696044922,
        "model_prediction_time": 9.882563591003418,
        "#_of_robust_plans": 4,
        "Avg Robust (ms)": 328.30498218536377,
        "Avg Postgres (ms)": 392.4600172042847,
        "Ratio": 1.1954129193893819,
        "Robust_is_faster": "108/200",
        "#_of_distinct_in_400": "400/400"
    },
    "cardinality_training_400_confidence_0.2": {
        "candidate_plan_generation_time_seconds": 220.41644072532654,
        "plan_cover_execution_time": 48363.15571951866,
        "training_data_collection_time": 4.122844696044922,
        "model_prediction_time": 9.892422199249268,
        "#_of_robust_plans": 4,
        "Avg Robust (ms)": 237.5663161277771,
        "Avg Postgres (ms)": 385.6654596328736,
        "Ratio": 1.6234012713546482,
        "Robust_is_faster": "152/200",
        "#_of_distinct_in_400": "400/400"
    },
    "cardinality_training_400_confidence_0.4": {
        "candidate_plan_generation_time_seconds": 220.41644072532654,
        "plan_cover_execution_time": 48363.15571951866,
        "training_data_collection_time": 4.122844696044922,
        "model_prediction_time": 9.813522100448608,
        "#_of_robust_plans": 4,
        "Avg Robust (ms)": 233.95758867263797,
        "Avg Postgres (ms)": 387.8156697750092,
        "Ratio": 1.6576323596737659,
        "Robust_is_faster": "149/200",
        "#_of_distinct_in_400": "400/400"
    },
    "cardinality_training_400_confidence_0.6": {
        "candidate_plan_generation_time_seconds": 220.41644072532654,
        "plan_cover_execution_time": 48363.15571951866,
        "training_data_collection_time": 4.122844696044922,
        "model_prediction_time": 9.97790265083313,
        "#_of_robust_plans": 4,
        "Avg Robust (ms)": 383.9067089557648,
        "Avg Postgres (ms)": 383.3941090106964,
        "Ratio": -1.0013370052721757,
        "Robust_is_faster": "80/200",
        "#_of_distinct_in_400": "400/400"
    },
    "cardinality_training_400_confidence_0.8": {
        "candidate_plan_generation_time_seconds": 220.41644072532654,
        "plan_cover_execution_time": 48363.15571951866,
        "training_data_collection_time": 4.122844696044922,
        "model_prediction_time": 9.860986709594727,
        "#_of_robust_plans": 4,
        "Avg Robust (ms)": 387.2530794143677,
        "Avg Postgres (ms)": 386.8681275844574,
        "Ratio": -1.0009950466385378,
        "Robust_is_faster": "92/200",
        "#_of_distinct_in_400": "400/400"
    },
    "kepler_training_50_confidence_0": {
        "candidate_plan_generation_time_seconds": 140.54334712028503,
        "plan_cover_execution_time": 12709.432803869247,
        "training_data_collection_time": 4.904392719268799,
        "model_prediction_time": 7.4745423793792725,
        "#_of_robust_plans": 2,
        "Avg Robust (ms)": 550.6075716018677,
        "Avg Postgres (ms)": 835.4089021682739,
        "Ratio": 1.5172492084295925,
        "Robust_is_faster": "199/200",
        "#_of_distinct_in_50": "50/50"
    },
    "kepler_training_50_confidence_0.2": {
        "candidate_plan_generation_time_seconds": 140.54334712028503,
        "plan_cover_execution_time": 12709.432803869247,
        "training_data_collection_time": 4.904392719268799,
        "model_prediction_time": 7.704540729522705,
        "#_of_robust_plans": 2,
        "Avg Robust (ms)": 552.6731252670288,
        "Avg Postgres (ms)": 834.7345948219299,
        "Ratio": 1.5103585766335583,
        "Robust_is_faster": "199/200",
        "#_of_distinct_in_50": "50/50"
    },
    "kepler_training_50_confidence_0.4": {
        "candidate_plan_generation_time_seconds": 140.54334712028503,
        "plan_cover_execution_time": 12709.432803869247,
        "training_data_collection_time": 4.904392719268799,
        "model_prediction_time": 7.594221591949463,
        "#_of_robust_plans": 2,
        "Avg Robust (ms)": 551.076066493988,
        "Avg Postgres (ms)": 831.100527048111,
        "Ratio": 1.5081412124022588,
        "Robust_is_faster": "199/200",
        "#_of_distinct_in_50": "50/50"
    },
    "kepler_training_50_confidence_0.6": {
        "candidate_plan_generation_time_seconds": 140.54334712028503,
        "plan_cover_execution_time": 12709.432803869247,
        "training_data_collection_time": 4.904392719268799,
        "model_prediction_time": 7.600757360458374,
        "#_of_robust_plans": 2,
        "Avg Robust (ms)": 839.7398543357849,
        "Avg Postgres (ms)": 839.8819756507874,
        "Ratio": 1.0001692444562071,
        "Robust_is_faster": "98/200",
        "#_of_distinct_in_50": "50/50"
    },
    "kepler_training_50_confidence_0.8": {
        "candidate_plan_generation_time_seconds": 140.54334712028503,
        "plan_cover_execution_time": 12709.432803869247,
        "training_data_collection_time": 4.904392719268799,
        "model_prediction_time": 7.565619468688965,
        "#_of_robust_plans": 2,
        "Avg Robust (ms)": 833.4748888015747,
        "Avg Postgres (ms)": 832.8918719291687,
        "Ratio": -1.0006999910697358,
        "Robust_is_faster": "93/200",