{"plan_cover_execution_time": 7226.92297410965, "training_data_collection_time": 2.3410544395446777}