{"plan_cover_execution_time": 2852.8025414943695, "training_data_collection_time": 1.3655195236206055}