query_id,improved_count,total,percentage_improved,avg_improved_hinted_latency,avg_improved_default_latency,avg_improved_confidence,std_improved_confidence,avg_hinted_latency,avg_default_latency,avg_confidence,std_confidence
7-0_sample_0,200,200,100.0,1.4068984985351562,1.741645336151123,0.59626771025,0.02917527952112422,1.4068984985351562,1.741645336151123,0.59626771025,0.02917527952112422
7-0_sample_1,0,200,0.0,0,0,0,0,55.122690200805664,4.988201856613159,0.59626771025,0.02917527952112422
7-0_sample_2,29,200,14.499999999999998,35.05761047889446,42.786129589738515,0.5794708893103448,0.033751723270108315,34.71740245819092,25.934271812438965,0.59626771025,0.02917527952112422
7-0_sample_3,0,200,0.0,0,0,0,0,45.45184850692749,5.632432699203491,0.59626771025,0.02917527952112422
7-0_sample_4,0,200,0.0,0,0,0,0,31.028366088867188,3.5356831550598145,0.59626771025,0.02917527952112422
7-0_sample_5,199,200,99.5,1.4117638669421326,1.7465826254993229,0.5961691655778895,0.029215473467522183,1.4171409606933594,1.7495715618133545,0.59626771025,0.02917527952112422
7-0_sample_6,0,200,0.0,0,0,0,0,8.753232955932617,2.9382598400115967,0.59626771025,0.02917527952112422
7-0_sample_7,115,200,57.49999999999999,56.44249294115149,63.596491191698156,0.5930295115652174,0.029751707356550843,52.39877104759216,53.14533233642578,0.59626771025,0.02917527952112422
7-0_sample_8,199,200,99.5,1.4155246504587145,1.7599855835114293,0.5965131703015075,0.02904109025069846,1.4175593852996826,1.7599797248840332,0.59626771025,0.02917527952112422
