{
    "model_train_time": 14.231056213378906,
    "model_predict_time (already * 200)": 80.50785064697266
}