{"plan_cover_execution_time": 125674.0640642643, "training_data_collection_time": 5.912927150726318}