{"plan_cover_execution_time": 17469.232313632965, "training_data_collection_time": 6.034303665161133}