{"plan_cover_execution_time": 4365.172187566757, "training_data_collection_time": 0.7507791519165039}