{
    "model_train_time": 8.279919385910034,
    "model_predict_time (already * 200)": 75.65813064575195
}