{"plan_cover_execution_time": 10829.17974615097, "training_data_collection_time": 4.730204820632935}