{
    "model_train_time": 8.121198177337646,
    "model_predict_time (already * 200)": 59.13057327270508
}