{"plan_cover_execution_time": 5095.193058252335, "training_data_collection_time": 1.1565015316009521}