{
    "model_train_time": 9.310439348220825,
    "model_predict_time (already * 200)": 78.5745620727539
}