{"plan_cover_execution_time": 3605.8909702301025, "training_data_collection_time": 0.4608016014099121}