{"plan_cover_execution_time": 11569.771778821945, "training_data_collection_time": 1.3594074249267578}