{"plan_cover_execution_time": 3773.889773130417, "training_data_collection_time": 1.9548799991607666}