{"plan_cover_execution_time": 4607.194543600082, "training_data_collection_time": 0.5996544361114502}