{"plan_cover_execution_time": 9548.563784122467, "training_data_collection_time": 4.510265350341797}