{
    "model_train_time": 11.142613172531128,
    "model_predict_time (already * 200)": 80.57718276977539
}