{"plan_cover_execution_time": 276.7594268321991, "training_data_collection_time": 0.4620785713195801}