{"plan_cover_execution_time": 22527.468185901642, "training_data_collection_time": 2.2310304641723633}