{"plan_cover_execution_time": 592.3639512062073, "training_data_collection_time": 0.1781609058380127}