{"plan_cover_execution_time": 17507.510246753693, "training_data_collection_time": 3.856900691986084}