{"plan_cover_execution_time": 58661.46323633194, "training_data_collection_time": 19.285006523132324}