{
    "model_train_time": 7.145689964294434,
    "model_predict_time (already * 200)": 53.194236755371094
}