{"plan_cover_execution_time": 20224.87855911255, "training_data_collection_time": 1.4988973140716553}