{"plan_cover_execution_time": 8009.668903827667, "training_data_collection_time": 1.8434088230133057}