{"plan_cover_execution_time": 1632.3811657428741, "training_data_collection_time": 2.05314564704895}