{"plan_cover_execution_time": 5683.878835678101, "training_data_collection_time": 4.952155828475952}