{"plan_cover_execution_time": 3277.5685374736786, "training_data_collection_time": 0.4053528308868408}