{"plan_cover_execution_time": 18494.271213293076, "training_data_collection_time": 18.027076959609985}