{
    "model_train_time": 7.33969783782959,
    "model_predict_time (already * 200)": 44.41394805908203
}