{
    "model_train_time": 7.345603942871094,
    "model_predict_time (already * 200)": 60.816001892089844
}