{
    "model_train_time": 9.706927299499512,
    "model_predict_time (already * 200)": 71.21124267578125
}