{"plan_cover_execution_time": 23203.655389547348, "training_data_collection_time": 3.0968639850616455}