{"plan_cover_execution_time": 4502.206607341766, "training_data_collection_time": 0.514070987701416}