{
    "model_train_time": 8.541748523712158,
    "model_predict_time (already * 200)": 64.63065147399902
}