{
    "model_train_time": 7.210392475128174,
    "model_predict_time (already * 200)": 54.59189414978027
}