{"plan_cover_execution_time": 4698.088458538055, "training_data_collection_time": 1.089001178741455}