{"plan_cover_execution_time": 772.3720152378082, "training_data_collection_time": 0.3457009792327881}