{"plan_cover_execution_time": 6030.572904109955, "training_data_collection_time": 0.6675562858581543}