{
    "model_train_time": 10.393402576446533,
    "model_predict_time (already * 200)": 68.93305778503418
}