{
    "model_train_time": 9.393107175827026,
    "model_predict_time (already * 200)": 65.02995491027832
}