{"plan_cover_execution_time": 3014.3996608257294, "training_data_collection_time": 0.8075535297393799}