{
    "model_train_time": 7.085418224334717,
    "model_predict_time (already * 200)": 54.68173027038574
}