{
    "model_train_time": 11.239309310913086,
    "model_predict_time (already * 200)": 79.23288345336914
}