{
    "model_train_time": 7.2589075565338135,
    "model_predict_time (already * 200)": 50.41909217834473
}