{"plan_cover_execution_time": 13254.373465538025, "training_data_collection_time": 6.359859943389893}