{"plan_cover_execution_time": 17244.03459095955, "training_data_collection_time": 3.297638416290283}