{"plan_cover_execution_time": 3797.005203485489, "training_data_collection_time": 0.6065516471862793}