{"plan_cover_execution_time": 407.69396233558655, "training_data_collection_time": 0.47180819511413574}