{"plan_cover_execution_time": 4447.198109149933, "training_data_collection_time": 2.330697536468506}