{"plan_cover_execution_time": 25243.872876644135, "training_data_collection_time": 5.235669851303101}