{"plan_cover_execution_time": 1422.9025149345398, "training_data_collection_time": 2.138362407684326}