{
    "model_train_time": 9.266975402832031,
    "model_predict_time (already * 200)": 41.71042442321777
}