{"plan_cover_execution_time": 1038.4980006217957, "training_data_collection_time": 3.9422457218170166}