{"plan_cover_execution_time": 11708.607587337494, "training_data_collection_time": 2.0193467140197754}