{"plan_cover_execution_time": 2737.17662191391, "training_data_collection_time": 0.664238452911377}