{"plan_cover_execution_time": 8774.800678730011, "training_data_collection_time": 19.933768272399902}