{"plan_cover_execution_time": 3145.822961330414, "training_data_collection_time": 0.7313554286956787}