{"plan_cover_execution_time": 2508.208357334137, "training_data_collection_time": 0.5901267528533936}