{"plan_cover_execution_time": 4928.041821241379, "training_data_collection_time": 1.1402955055236816}