{"plan_cover_execution_time": 1484.9237234592438, "training_data_collection_time": 1.051781415939331}