{"plan_cover_execution_time": 5269.326803684235, "training_data_collection_time": 1.0473463535308838}