{"plan_cover_execution_time": 7126.200734615326, "training_data_collection_time": 1.1024441719055176}