query_id,improved_count,total,percentage_improved,avg_improved_hinted_latency,avg_improved_default_latency,avg_improved_confidence,std_improved_confidence,avg_hinted_latency,avg_default_latency,avg_confidence,std_confidence
1-0_sample_0,199,200,99.5,213.31095935112268,363.69106278347607,0.6140783200502512,0.06473620803569725,212.53705024719238,361.9942557811737,0.61353743245,0.06502483626286754
1-0_sample_1,199,200,99.5,196.0872645354151,358.9974228461184,0.6140783200502512,0.06473620803569725,195.36171674728394,357.3564684391022,0.61353743245,0.06502483626286754
1-0_sample_2,199,200,99.5,174.09834789870374,322.9257233777837,0.6140783200502512,0.06473620803569725,173.46858382225037,321.4683485031128,0.61353743245,0.06502483626286754
1-0_sample_3,199,200,99.5,158.1004624390722,295.6648819410621,0.6140783200502512,0.06473620803569725,157.54179000854492,294.3382930755615,0.61353743245,0.06502483626286754
1-0_sample_4,199,200,99.5,160.87121220689323,292.4275542024392,0.6140783200502512,0.06473620803569725,160.3216576576233,291.106059551239,0.61353743245,0.06502483626286754
1-0_sample_5,199,200,99.5,160.69097015725907,280.3521671486859,0.6140783200502512,0.06473620803569725,160.15432119369507,279.08499479293823,0.61353743245,0.06502483626286754
1-0_sample_6,199,200,99.5,146.991399065334,246.7033671374297,0.6140783200502512,0.06473620803569725,146.51052117347717,245.56228280067444,0.61353743245,0.06502483626286754
1-0_sample_7,198,200,99.0,167.1980968629471,214.88027018730085,0.6137701716666667,0.06475382273956468,167.54960894584656,214.54169392585754,0.61353743245,0.06502483626286754
1-0_sample_8,199,200,99.5,125.8218599923292,222.6360575038584,0.6140783200502512,0.06473620803569725,125.43977737426758,221.59186601638794,0.61353743245,0.06502483626286754
