{"plan_cover_execution_time": 2249.194488763809, "training_data_collection_time": 0.9952504634857178}