{"plan_cover_execution_time": 11325.30710029602, "training_data_collection_time": 4.757754564285278}