query_id,improved_count,total,percentage_improved,avg_improved_hinted_latency,avg_improved_default_latency,avg_improved_confidence,std_improved_confidence,avg_hinted_latency,avg_default_latency,avg_confidence,std_confidence
7-0_sample_0,200,200,100.0,1.423475742340088,1.7713093757629395,0.54329236355,0.010205225462795977,1.423475742340088,1.7713093757629395,0.54329236355,0.010205225462795977
7-0_sample_1,0,200,0.0,0,0,0,0,54.825544357299805,5.929207801818848,0.54329236355,0.010205225462795977
7-0_sample_2,22,200,11.0,33.17631374705922,44.34326562014493,0.5447589349999999,0.009115893667533561,33.11362028121948,25.016236305236816,0.54329236355,0.010205225462795977
7-0_sample_3,0,200,0.0,0,0,0,0,37.07658886909485,3.7751615047454834,0.54329236355,0.010205225462795977
7-0_sample_4,0,200,0.0,0,0,0,0,38.499486446380615,5.388824939727783,0.54329236355,0.010205225462795977
7-0_sample_5,196,200,98.0,1.4187961208577058,1.7577020489439672,0.5432865181632653,0.010257624853419373,1.4406418800354004,1.7705333232879639,0.54329236355,0.010205225462795977
7-0_sample_6,0,200,0.0,0,0,0,0,8.513791561126709,2.95904278755188,0.54329236355,0.010205225462795977
7-0_sample_7,152,200,76.0,47.67416025462904,55.41609306084482,0.5437695251973684,0.010219507180852475,49.2104172706604,53.72686743736267,0.54329236355,0.010205225462795977
7-0_sample_8,200,200,100.0,1.422334909439087,1.766892671585083,0.54329236355,0.010205225462795977,1.422334909439087,1.766892671585083,0.54329236355,0.010205225462795977
