{"plan_cover_execution_time": 1338.6955511569977, "training_data_collection_time": 0.5771772861480713}