{
    "model_train_time": 6.993462562561035,
    "model_predict_time (already * 200)": 49.58925247192383
}