{"plan_cover_execution_time": 2577.05197763443, "training_data_collection_time": 0.6671512126922607}