{"plan_cover_execution_time": 3242.063864707947, "training_data_collection_time": 3.218416452407837}