{"plan_cover_execution_time": 5827.437333583832, "training_data_collection_time": 3.2531557083129883}