{"plan_cover_execution_time": 7611.362182378769, "training_data_collection_time": 2.880201816558838}