{"plan_cover_execution_time": 7001.168111562729, "training_data_collection_time": 3.048813819885254}