{
    "model_train_time": 12.895889520645142,
    "model_predict_time (already * 200)": 68.69010925292969
}