{
    "model_train_time": 11.165622234344482,
    "model_predict_time (already * 200)": 74.08018112182617
}