{"plan_cover_execution_time": 5715.761705875397, "training_data_collection_time": 2.3473753929138184}