{
    "model_train_time": 11.547297477722168,
    "model_predict_time (already * 200)": 85.70699691772461
}