{"plan_cover_execution_time": 3374.516457080841, "training_data_collection_time": 2.265245199203491}