{"plan_cover_execution_time": 2756.2859942913055, "training_data_collection_time": 0.27936434745788574}