{"plan_cover_execution_time": 1820.1069746017456, "training_data_collection_time": 1.2398979663848877}