query_id,improved_count,total,percentage_improved,avg_improved_hinted_latency,avg_improved_default_latency,avg_improved_confidence,std_improved_confidence,avg_hinted_latency,avg_default_latency,avg_confidence,std_confidence
1-0_sample_0,199,200,99.5,210.93199840143097,369.18361941773685,0.6118837702512563,0.04257408561146317,210.18189311027527,367.4869906902313,0.61161115525,0.042641625767308074
1-0_sample_1,199,200,99.5,188.9444128352793,351.5854133433433,0.6118837702512563,0.04257408561146317,188.24643731117249,349.96029257774353,0.61161115525,0.042641625767308074
1-0_sample_2,199,200,99.5,173.419997919744,335.1076463958127,0.6118837702512563,0.04257408561146317,172.78036832809448,333.5650897026062,0.61161115525,0.042641625767308074
1-0_sample_3,199,200,99.5,152.5787887860782,294.92939417086654,0.6118837702512563,0.04257408561146317,152.03811526298523,293.6032235622406,0.61161115525,0.042641625767308074
1-0_sample_4,199,200,99.5,154.47075882149701,282.7259895190522,0.6118837702512563,0.04257408561146317,153.94157767295837,281.42393827438354,0.61161115525,0.042641625767308074
1-0_sample_5,199,200,99.5,160.70096696441496,280.9987391658764,0.6118837702512563,0.04257408561146317,160.152245759964,279.7248923778534,0.61161115525,0.042641625767308074
1-0_sample_6,199,200,99.5,145.88677823244026,246.21650082382126,0.6118837702512563,0.04257408561146317,145.4340100288391,245.10264992713928,0.61161115525,0.042641625767308074
1-0_sample_7,198,200,99.0,167.53228746279322,215.27511302870934,0.6117581256565656,0.04264500050425229,167.9018759727478,214.99448418617249,0.61161115525,0.042641625767308074
1-0_sample_8,199,200,99.5,126.36240523065155,224.87901682829738,0.6118837702512563,0.04257408561146317,125.9684705734253,223.8277542591095,0.61161115525,0.042641625767308074
