{"plan_cover_execution_time": 9543.90329504013, "training_data_collection_time": 2.4133028984069824}