{
    "model_train_time": 8.266371250152588,
    "model_predict_time (already * 200)": 73.9898681640625
}