{"plan_cover_execution_time": 3359.8065299987793, "training_data_collection_time": 2.7096333503723145}