{
    "model_train_time": 7.76543927192688,
    "model_predict_time (already * 200)": 55.72018623352051
}