{
    "model_train_time": 7.879627466201782,
    "model_predict_time (already * 200)": 67.78817176818848
}