{
    "model_train_time": 11.237610340118408,
    "model_predict_time (already * 200)": 84.17472839355469
}