{"plan_cover_execution_time": 998.3988056182861, "training_data_collection_time": 2.1748158931732178}