{
    "model_train_time": 10.906852722167969,
    "model_predict_time (already * 200)": 72.5924015045166
}