{"plan_cover_execution_time": 3224.6682801246643, "training_data_collection_time": 3.2908778190612793}