{
    "model_train_time": 7.476494789123535,
    "model_predict_time (already * 200)": 60.10284423828125
}