{"plan_cover_execution_time": 10172.845193386078, "training_data_collection_time": 2.829104423522949}