{"plan_cover_execution_time": 76429.20264005661, "training_data_collection_time": 14.231773376464844}