{"plan_cover_execution_time": 18157.02772808075, "training_data_collection_time": 7.362640142440796}