{"plan_cover_execution_time": 24047.983855247498, "training_data_collection_time": 3.4310548305511475}