{"plan_cover_execution_time": 19658.636312246323, "training_data_collection_time": 6.605855941772461}