{"plan_cover_execution_time": 18723.267796754837, "training_data_collection_time": 10.863775730133057}