query_id,improved_count,total,percentage_improved,avg_improved_hinted_latency,avg_improved_default_latency,avg_improved_confidence,std_improved_confidence,avg_hinted_latency,avg_default_latency,avg_confidence,std_confidence
7-0_sample_0,198,200,99.0,1.4201944524591619,1.7696739447237266,0.617102811631579,0.007286706101246707,1.4255750179290771,1.771233081817627,0.61708687453125,0.0072670967817451745
7-0_sample_1,0,200,0.0,0,0,0,0,46.64243459701538,3.894697427749634,0.61708687453125,0.0072670967817451745
7-0_sample_2,0,200,0.0,0,0,0,0,32.933194637298584,18.961181640625,0.61708687453125,0.0072670967817451745
7-0_sample_3,0,200,0.0,0,0,0,0,36.627126932144165,3.7268292903900146,0.61708687453125,0.0072670967817451745
7-0_sample_4,0,200,0.0,0,0,0,0,29.8137629032135,3.4486448764801025,0.61708687453125,0.0072670967817451745
7-0_sample_5,200,200,100.0,1.422426700592041,1.753298044204712,0.61708687453125,0.0072670967817451745,1.422426700592041,1.753298044204712,0.61708687453125,0.0072670967817451745
7-0_sample_6,0,200,0.0,0,0,0,0,8.280776739120483,2.899947166442871,0.61708687453125,0.0072670967817451745
7-0_sample_7,138,200,69.0,41.45812815514164,46.44174161164657,0.6173437675384615,0.006916300372561298,42.316075563430786,44.18944478034973,0.61708687453125,0.0072670967817451745
7-0_sample_8,200,200,100.0,1.4570236206054688,1.8127834796905518,0.61708687453125,0.0072670967817451745,1.4570236206054688,1.8127834796905518,0.61708687453125,0.0072670967817451745
