{"plan_cover_execution_time": 5378.4125299453735, "training_data_collection_time": 1.534757375717163}