{
    "model_train_time": 8.411790609359741,
    "model_predict_time (already * 200)": 67.4034595489502
}