{
    "model_train_time": 7.617615222930908,
    "model_predict_time (already * 200)": 67.8276538848877
}