{
    "cardinality_training_50_confidence_0": {
        "candidate_plan_generation_time_seconds": 108.02813911437988,
        "plan_cover_execution_time": 1632.3811657428741,
        "training_data_collection_time": 2.05314564704895,
        "model_prediction_time": 10.68205976486206,
        "#_of_robust_plans": 1,
        "Avg Robust (ms)": 202.0457649230957,
        "Avg Postgres (ms)": 198.64795684814453,
        "Ratio": -1.0171046716455716,
        "Robust_is_faster": "96/200",
        "#_of_distinct_in_50": "50/50"
    },
    "cardinality_training_50_confidence_0.2": {
        "candidate_plan_generation_time_seconds": 108.02813911437988,
        "plan_cover_execution_time": 1632.3811657428741,
        "training_data_collection_time": 2.05314564704895,
        "model_prediction_time": 9.863328695297241,
        "#_of_robust_plans": 1,
        "Avg Robust (ms)": 198.808753490448,
        "Avg Postgres (ms)": 195.74936985969543,
        "Ratio": -1.0156290854624226,
        "Robust_is_faster": "76/200",
        "#_of_distinct_in_50": "50/50"
    },
    "cardinality_training_50_confidence_0.4": {
        "candidate_plan_generation_time_seconds": 108.02813911437988,
        "plan_cover_execution_time": 1632.3811657428741,
        "training_data_collection_time": 2.05314564704895,
        "model_prediction_time": 9.752477884292603,
        "#_of_robust_plans": 1,
        "Avg Robust (ms)": 195.19044280052185,
        "Avg Postgres (ms)": 192.62794852256772,
        "Ratio": -1.0133028166349076,
        "Robust_is_faster": "88/200",
        "#_of_distinct_in_50": "50/50"
    },
    "cardinality_training_50_confidence_0.6": {
        "candidate_plan_generation_time_seconds": 108.02813911437988,
        "plan_cover_execution_time": 1632.3811657428741,
        "training_data_collection_time": 2.05314564704895,
        "model_prediction_time": 9.878341436386108,
        "#_of_robust_plans": 1,
        "Avg Robust (ms)": 189.68749165534973,
        "Avg Postgres (ms)": 189.52385187149048,
        "Ratio": -1.0008634258023112,
        "Robust_is_faster": "90/200",
        "#_of_distinct_in_50": "50/50"
    },
    "cardinality_training_50_confidence_0.8": {
        "candidate_plan_generation_time_seconds": 108.02813911437988,
        "plan_cover_execution_time": 1632.3811657428741,
        "training_data_collection_time": 2.05314564704895,
        "model_prediction_time": 9.84764313697815,
        "#_of_robust_plans": 1,
        "Avg Robust (ms)": 188.8413918018341,
        "Avg Postgres (ms)": 188.7994122505188,
        "Ratio": -1.0002223500106007,
        "Robust_is_faster": "101/200",
        "#_of_distinct_in_50": "50/50"
    },
    "cardinality_training_400_confidence_0": {
        "candidate_plan_generation_time_seconds": 192.71766424179077,
        "plan_cover_execution_time": 20224.87855911255,
        "training_data_collection_time": 1.4988973140716553,
        "model_prediction_time": 12.093479633331299,
        "#_of_robust_plans": 1,
        "Avg Robust (ms)": 194.99792218208316,
        "Avg Postgres (ms)": 194.59149360656735,
        "Ratio": -1.0020886245743996,
        "Robust_is_faster": "100/200",
        "#_of_distinct_in_400": "399/400"
    },
    "cardinality_training_400_confidence_0.2": {
        "candidate_plan_generation_time_seconds": 192.71766424179077,
        "plan_cover_execution_time": 20224.87855911255,
        "training_data_collection_time": 1.4988973140716553,
        "model_prediction_time": 11.874774932861328,
        "#_of_robust_plans": 1,
        "Avg Robust (ms)": 195.25311946868896,
        "Avg Postgres (ms)": 195.86792945861816,
        "Ratio": 1.0031487844680904,
        "Robust_is_faster": "118/200",
        "#_of_distinct_in_400": "399/400"
    },
    "cardinality_training_400_confidence_0.4": {
        "candidate_plan_generation_time_seconds": 192.71766424179077,
        "plan_cover_execution_time": 20224.87855911255,
        "training_data_collection_time": 1.4988973140716553,
        "model_prediction_time": 12.240898609161377,
        "#_of_robust_plans": 1,
        "Avg Robust (ms)": 194.67515349388125,
        "Avg Postgres (ms)": 195.49655199050903,
        "Ratio": 1.0042193288762635,
        "Robust_is_faster": "120/200",
        "#_of_distinct_in_400": "399/400"
    },
    "cardinality_training_400_confidence_0.6": {
        "candidate_plan_generation_time_seconds": 192.71766424179077,
        "plan_cover_execution_time": 20224.87855911255,
        "training_data_collection_time": 1.4988973140716553,
        "model_prediction_time": 11.967424392700195,
        "#_of_robust_plans": 1,
        "Avg Robust (ms)": 194.59636926651,
        "Avg Postgres (ms)": 195.29496908187863,
        "Ratio": 1.0035899940887996,
        "Robust_is_faster": "116/200",
        "#_of_distinct_in_400": "399/400"
    },
    "cardinality_training_400_confidence_0.8": {
        "candidate_plan_generation_time_seconds": 192.71766424179077,
        "plan_cover_execution_time": 20224.87855911255,
        "training_data_collection_time": 1.4988973140716553,
        "model_prediction_time": 12.09762954711914,
        "#_of_robust_plans": 1,
        "Avg Robust (ms)": 189.8105585575104,
        "Avg Postgres (ms)": 189.44144129753116,
        "Ratio": -1.0019484504417357,
        "Robust_is_faster": "94/200",
        "#_of_distinct_in_400": "399/400"
    },
    "kepler_training_50_confidence_0": {
        "candidate_plan_generation_time_seconds": 140.5264608860016,
        "plan_cover_execution_time": 5683.878835678101,
        "training_data_collection_time": 4.952155828475952,
        "model_prediction_time": 9.858416318893433,
        "#_of_robust_plans": 3,
        "Avg Robust (ms)": 558.8340222835541,
        "Avg Postgres (ms)": 1273.749588727951,
        "Ratio": 2.279298571556273,
        "Robust_is_faster": "151/200",
        "#_of_distinct_in_50": "50/50"
    },
    "kepler_training_50_confidence_0.2": {
        "candidate_plan_generation_time_seconds": 140.5264608860016,
        "plan_cover_execution_time": 5683.878835678101,
        "training_data_collection_time": 4.952155828475952,
        "model_prediction_time": 9.78084421157837,
        "#_of_robust_plans": 3,
        "Avg Robust (ms)": 533.6998069286346,
        "Avg Postgres (ms)": 1286.0533010959623,
        "Ratio": 2.409694147159268,
        "Robust_is_faster": "152/200",
        "#_of_distinct_in_50": "50/50"
    },
    "kepler_training_50_confidence_0.4": {
        "candidate_plan_generation_time_seconds": 140.5264608860016,
        "plan_cover_execution_time": 5683.878835678101,
        "training_data_collection_time": 4.952155828475952,
        "model_prediction_time": 10.13172197341919,
        "#_of_robust_plans": 3,
        "Avg Robust (ms)": 1312.738816738129,
        "Avg Postgres (ms)": 1279.8736429214478,
        "Ratio": -1.0256784519303506,
        "Robust_is_faster": "84/200",
        "#_of_distinct_in_50": "50/50"
    },
    "kepler_training_50_confidence_0.6": {
        "candidate_plan_generation_time_seconds": 140.5264608860016,
        "plan_cover_execution_time": 5683.878835678101,
        "training_data_collection_time": 4.952155828475952,
        "model_prediction_time": 9.918472051620483,
        "#_of_robust_plans": 3,
        "Avg Robust (ms)": 1290.2787923812866,
        "Avg Postgres (ms)": 1289.0322148799896,
        "Ratio": -1.0009670646605315,
        "Robust_is_faster": "91/200",
        "#_of_distinct_in_50": "50/50"
    },
    "kepler_training_50_confidence_0.8": {
        "candidate_plan_generation_time_seconds": 140.5264608860016,
        "plan_cover_execution_time": 5683.878835678101,
        "training_data_collection_time": 4.952155828475952,
        "model_prediction_time": 9.819536209106445,
        "#_of_robust_plans": 3,
        "Avg Robust (ms)": 1286.0263121128082,
        "Avg Postgres (ms)": 1286.840832233429,
        "Ratio": 1.0006333619405365,
        "Robust_is_faster": "101/200",