{"plan_cover_execution_time": 3405.9702026844025, "training_data_collection_time": 0.7942826747894287}