{"plan_cover_execution_time": 31233.988721847534, "training_data_collection_time": 24.05359125137329}