{
    "model_train_time": 7.293001413345337,
    "model_predict_time (already * 200)": 57.01766014099121
}