{"plan_cover_execution_time": 844.5072259902954, "training_data_collection_time": 1.5856986045837402}