{"plan_cover_execution_time": 2172.388843536377, "training_data_collection_time": 0.36597228050231934}