{"plan_cover_execution_time": 4963.84823679924, "training_data_collection_time": 4.211241006851196}