{"plan_cover_execution_time": 24024.219975233078, "training_data_collection_time": 3.927774429321289}