{
    "model_train_time": 10.91350769996643,
    "model_predict_time (already * 200)": 75.08831024169922
}