{"plan_cover_execution_time": 20464.442479133606, "training_data_collection_time": 4.515432834625244}