{"plan_cover_execution_time": 90390.29909586906, "training_data_collection_time": 5.99834418296814}