{
    "model_train_time": 10.31971025466919,
    "model_predict_time (already * 200)": 66.93882942199707
}