{"plan_cover_execution_time": 9913.321596384048, "training_data_collection_time": 4.860182285308838}