{"plan_cover_execution_time": 4380.550526857376, "training_data_collection_time": 1.923647165298462}